Zipcode,Total Population 2014,Total Population 2014 Margin of Error,Total Unemployment 2014,Total Unemployment 2014 margin of Error,Age Group 16-19 2014,Age Group 16-19 2014 Margin of Error,Age Group 16-19 2014 Unemployment,Age Group 16-19 2014 Unemployment Margin of Error,Age Group 20-24 2014,Age Group 20-24 2014 Margin of Error,Age Group 20-24 2014 Unemployment,Age Group 20-24 2014 Unemployment Margin of Error,Age Group 25-44 2014,Age Group 25-44 2014 Margin of Error,Age Group 25-44 2014 Unemployment,Age Group 25-44 2014 Unemployment Margin of Error,Age Group 45-54 2014,Age Group 45-54 2014 Margin of Error,Age Group 45-54 2014 Unemployment,Age Group 45-54 2014 Unemployment Margin of Error,Age Group 55-64 2014,Age Group 55-64 2014 Margin of Error,Age Group 55-64 2014 Unemployment,Age Group 55-64 2014 Unemployment Margin of Error,Age Group 65-74 2014,Age Group 65-74 2014 Margin of Error,Age Group 65-74 2014 Unemployment,Age Group 65-74 2014 Unemployment Margin of Error,Age Group 75+ 2014,Age Group 75+ 2014 Margin of Error,Age Group 75+ 2014 Unemployment,Age Group 75+ 2014 Unemployment Margin of Error
67879,978,81,2.5,2.2,47,27,0,51,73,37,0,39.2,197,38,2.2,3.7,241,48,2.5,4.9,159,37,5.3,5.2,93,22,0,43.3,168,39,0,92
80002,14842,617,5.7,1.2,818,295,21.5,11.8,1345,304,9.9,6.4,5160,453,3.9,1.5,2993,331,5.3,2.6,2352,278,5.9,3.1,1376,195,5.9,9.5,798,157,0,24.4
80003,28363,688,9.7,1.5,1968,344,28.1,9.1,2320,449,10.7,5.1,9921,582,8.7,2.2,5290,393,7.4,2.9,4422,455,9.8,3.3,2696,311,3.6,3.5,1746,202,4.7,12.3
80004,29705,763,7,1,1699,254,22.5,8.5,2256,368,11.9,5,8776,476,5.3,1.7,5580,333,5.1,1.8,5161,343,6.8,2.6,2836,257,7.3,3.5,3397,303,0,20.9
80005,21879,607,4.8,1,1474,243,15.6,7.3,1434,206,7.3,4.4,6483,400,4,1.9,4611,357,4.9,2.6,4002,314,3.6,1.4,2438,159,3.1,3.2,1437,179,8.6,13.4
80007,5536,256,5.3,1.7,419,115,15.4,13,280,111,18.3,17.2,1257,94,1.6,1.6,1365,148,1.5,1.4,1198,189,7.1,4.2,712,107,6,6.2,305,88,42.9,29.5
80010,30762,1014,13.6,1.8,2545,316,24.5,9.2,3536,437,19.1,4.8,14011,679,12,2.3,4648,354,12.3,3.7,3345,361,10.5,3.7,1377,196,13.1,7.9,1300,198,17.8,24.4
80011,34721,1093,13.7,1.5,2882,416,38.9,11.9,3974,459,13.9,3.9,13747,704,12.2,2.3,5462,507,13,3.4,4391,445,9.4,3.4,2435,234,15.3,9.7,1830,238,15.8,15.2
80012,36900,1039,11.9,1.3,2285,353,48.3,10.4,3690,499,16.6,5.3,14310,720,9.9,2,5816,482,7.8,2.7,5680,419,9.7,3.6,2773,275,8.2,5.1,2346,236,0,21.5
80013,54395,1078,8.5,0.9,3828,443,29.8,8.7,4315,474,13,4.2,22448,658,7.2,1.2,10489,606,6.2,1.8,8590,625,7.1,1.9,3364,267,9.1,5.4,1361,210,0,30.7
80014,31373,879,9.2,1.4,1437,267,38.7,13.9,2177,347,13.6,6.5,10116,705,7.9,2.3,4723,466,6.7,2.5,5158,446,9.3,2.7,3779,362,5.1,3.5,3983,370,3.1,4.9
80015,48787,910,7,0.9,4074,352,32.5,7.3,3155,404,12.1,4.1,19093,636,5.8,1.2,10283,497,4.3,1.5,7967,547,5.1,1.9,2873,247,5.7,3.5,1342,211,0,26.7
80016,34062,753,4.4,0.9,2685,356,18.2,8.4,2378,331,7.4,3.9,12804,497,3.6,1.2,7095,464,3.3,1.6,4401,402,3.4,1.8,3482,342,3.6,3.4,1217,176,0,25.7
80017,25316,825,11.1,1.6,1779,313,43.9,17.9,2595,426,18.3,7,10918,634,9.1,1.9,4157,454,8.7,3.9,3701,447,8.9,3.2,1646,227,5,5.6,520,184,0,42.8
80018,7392,557,7,3.2,313,126,9.3,20.4,414,135,26.8,19.9,3345,420,5.6,4.7,1533,279,7.3,6.3,1093,214,4.8,4.4,510,143,0,15,184,116,-,**
80019,1740,387,6.8,4.6,283,167,0,32.7,99,83,17.2,18.4,665,178,9.7,9.8,384,166,0,8.1,153,95,12.4,21.2,82,73,0,40.4,74,54,0,85.6
80020,37995,654,6.5,1.1,2442,254,16.5,7,3135,251,12.6,5.2,14241,393,5.8,1.6,7575,360,3.2,1.3,6122,321,6.8,2.4,2677,233,13,7.5,1803,180,11,16.5
80021,25196,600,6.9,1.2,1690,268,16.3,9.6,2690,395,5.9,3.1,9606,442,7.2,1.9,4943,328,5.9,2.4,3098,266,5.6,2.6,1806,187,5.6,4.6,1363,247,0,30.2
80022,31916,725,8.9,1.6,2593,382,31.5,8.8,2367,404,20.7,6.9,13749,567,5.3,2.1,5163,484,9.2,3.2,4540,401,6.7,3.1,2235,275,3.7,3.9,1269,190,0,55.1
80023,12731,575,4.9,1.3,454,120,17.7,22.2,583,178,16,12.8,4532,422,3.4,1.5,2725,364,5.6,2.9,1960,279,4,2.5,1656,230,3.7,6,821,140,0,36.7
80024,415,273,33.4,24,20,30,50,10.8,59,80,100,38.6,221,138,0,16.3,47,59,100,43.3,59,69,0,47.5,9,13,-,**,0,12,-,**
80025,187,104,0,17.9,12,18,0,85.6,0,12,-,**,1,2,-,**,100,108,0,27.2,13,19,0,82.3,39,31,0,71.9,22,38,0,63.2
80026,21918,509,7.5,1.7,1300,267,17.8,16.5,1643,322,13.5,6.5,7968,474,4.3,1.7,4147,366,9.7,4,4030,314,9.4,3.5,1646,227,3.4,3.4,1184,234,0,20.7
80027,24806,316,4.4,0.9,1611,225,15.7,10,1738,319,3.5,3,8825,407,2.2,1.1,5681,369,5.2,1.9,4390,341,6.7,2.5,1396,207,5.9,5.7,1165,228,0,69.9
80030,12465,755,13.3,2.9,711,195,46.8,18,924,247,18.9,10.2,5081,479,9,3.2,2315,321,15.9,6.3,1710,202,12,5.4,851,136,0,17.4,873,159,0,93.8
80031,27591,762,8.6,1.6,1532,267,29.1,9.7,2174,400,17,7.5,10819,585,7.7,2.2,4488,371,4.7,2.3,4267,376,3,1.6,2665,249,20.6,9.4,1646,216,17.2,14.5
80033,20721,607,8.9,1.9,1050,223,29,17.3,1227,343,22.6,12,6795,534,6.5,2.4,3469,368,6.6,3.1,3410,360,9.9,3.2,2059,248,7.3,7.2,2711,345,0,20.2
80045,602,117,3.7,5.8,0,12,-,**,162,102,0,39.6,329,121,0,12.1,29,22,0,71.9,45,31,31.1,44.3,37,62,0,85.6,0,12,-,**
80101,260,68,2.3,3.6,10,14,-,**,3,5,-,**,96,46,0,31.5,17,15,0,100,73,34,7.9,11.9,38,19,-,**,23,20,0,100
80102,4128,384,10.5,3.2,346,127,31.6,22.3,192,82,33.6,27.8,1325,230,9.5,4.6,994,187,8.1,4.3,854,178,5,4.8,255,79,10.6,16.2,162,60,0,71.9
80103,2068,271,5.9,3.4,76,37,100,100,115,64,0,27.2,609,160,5.7,8.4,498,136,11.4,7.2,412,133,1.6,2.3,266,64,3.7,6.3,92,60,0,93.8
80104,21212,679,5.7,1.2,1472,259,10.5,7.5,1338,336,6.6,5.2,8119,516,5.3,2.2,4775,372,4,2.7,2973,327,7.3,3.6,1702,207,5.8,5.2,833,171,36.9,31.1
80105,907,144,9.3,4.3,23,19,0,100,20,15,0,71.9,286,90,7,6.1,144,47,16,10.9,238,65,12.3,9,121,42,0,40.4,75,34,0,100
80106,3453,422,6.5,3.4,387,131,9.9,14,181,92,7,10.7,820,196,3.5,4.4,892,225,7.3,6.1,776,163,8.6,7.9,282,104,2.7,6.2,115,57,0,100
80107,9674,475,7.6,2.4,815,217,36.4,22.7,455,136,7.5,11.5,2361,242,5.7,3.6,2443,234,4.8,2.7,2283,195,8.7,4.5,941,127,0,10.3,376,64,0,76.6
80108,17518,677,6.1,1.6,1459,282,19.8,12,710,194,5.5,6.1,5582,453,3.4,1.9,3976,448,7.2,3.7,3106,386,4.1,2.7,1990,206,8.9,6.6,695,185,0,33.8
80109,13545,502,4.4,2,885,263,21.7,18.7,890,340,18.7,18.9,5839,347,1.4,1.1,2567,307,5,4.1,2007,401,2.9,3.3,794,131,0,15.4,563,184,-,**
80110,17247,653,9.6,2.5,882,195,36.9,22.2,1750,260,13.6,5.8,6770,464,7.7,2.9,2872,368,10.9,3.7,2576,332,6.9,3.4,1197,225,3.3,4,1200,142,0,34.1
80111,23810,678,4.2,0.8,1755,234,9.8,6.3,1302,336,7.8,4.2,7910,450,4,1.4,5006,369,3.5,1.5,4516,400,3.8,1.9,2068,230,2.7,2.9,1253,242,4.5,6.8
80112,24470,753,4.9,1.4,1538,336,39.9,17.6,2137,349,8,4.8,9471,624,2.9,1.6,4204,335,4.2,2.2,3761,303,4.3,2.2,2222,288,0.9,1.4,1137,202,0,23.1
80113,17433,563,7.9,1.7,826,189,9.7,9.6,1291,248,13.4,7.9,6030,396,6.9,2.1,3414,319,7.4,3.2,2914,285,8,3.6,1518,208,7.4,7.1,1440,226,14.3,15.5
80116,3268,369,3.9,2.5,281,124,0,34.1,97,67,0,27.8,449,136,6.7,7.1,814,155,1.6,2.7,889,194,6.9,6.3,578,198,0,15.7,160,74,0,89.4
80117,2188,240,8.8,3.5,138,60,100,100,136,79,20,22,499,115,8.3,6.4,537,130,8.4,7.9,439,102,5.5,5.4,295,107,0,38.3,144,58,0,71.9
80118,4527,378,5.6,1.9,384,200,0,37,222,87,0,14.6,822,195,1.1,1.8,1201,170,6.4,3.6,1030,141,11.4,5.5,527,120,0,25.2,341,99,0,100
80120,25062,460,7.6,1.4,1666,205,22,9.4,1840,294,13.9,6.4,7387,414,7.2,2.3,4560,403,4.7,2,4127,262,5.6,2.2,2713,227,6.6,5.9,2769,278,0,14.5
80121,14782,440,6.9,1.8,756,186,8.3,13.1,657,207,2.8,3.9,4180,350,9.3,3.2,2552,262,1.9,1.4,2733,292,8.4,5,2069,223,7.4,5.4,1835,241,6.9,11.7
80122,25147,632,7.1,1.5,1407,211,19.5,9.9,1198,217,18.9,9.2,7506,490,5.4,1.8,5288,419,3.6,1.5,4737,401,8.3,3,3015,305,10,6.2,1996,249,24.6,19.4
80123,36593,933,6.1,1.2,1988,261,19.8,7.9,2258,298,10.7,4.8,12339,733,4.8,1.5,7058,525,6.8,3,6607,431,4.5,2,3842,265,3.4,3.3,2501,240,4.1,7
80124,14885,423,4.5,1.2,1135,224,17.5,13,1044,331,6,5.1,5662,418,3.3,1.9,3179,305,3.1,2,2239,253,3.9,2.7,1168,187,12.1,11.2,458,125,0,40.4
80125,7757,387,5.4,2,435,120,26.7,27.4,322,152,14,11.8,3117,290,2,1.7,1723,220,4,3.1,1225,233,10.9,8.2,658,132,13.2,14.3,277,82,0,82.3
80126,30394,783,4.4,0.8,2512,363,16.9,6.7,1540,238,5.3,3.9,11066,586,2.3,1,7514,459,4.3,1.8,4808,388,5.9,2.1,1825,229,1,1.7,1129,196,0,32.9
80127,35056,825,5.2,0.9,2916,356,23.7,7.8,2295,333,6.9,4.3,10449,533,4.2,1.3,8364,496,2.3,1,6825,466,6.5,1.9,2766,236,3.8,3.3,1441,202,0,30.5
80128,28681,599,6.4,1.3,1982,304,16.3,9.1,1784,328,18.9,8.2,9252,462,4.6,1.5,6560,481,3.5,1.3,4891,478,8.2,3,2559,209,1.9,2.2,1653,192,11.7,14.6
80129,20451,544,3.5,1,1497,242,13.5,8.3,1151,191,4.5,5.4,8029,407,2.9,1.4,4473,335,3.4,2,2933,279,1.8,1.7,1352,183,9.8,9.4,1016,170,0,32.9
80130,20164,629,4.8,1.3,1218,232,25.8,15.6,899,249,3.4,4.3,9123,529,4,1.6,3956,383,4.6,2,2469,295,4.4,2.2,1732,217,0,6.4,767,167,16,22.9
80131,144,99,0,47.5,0,12,-,**,0,12,-,**,18,19,0,100,21,26,0,85.6,40,39,0,74.1,51,50,0,100,14,19,-,**
80132,15272,675,6.3,1.8,1195,204,30,13.7,798,246,6.5,7.3,3594,335,4.3,3.3,4129,417,3.3,2.1,3021,332,8.6,4.6,1718,260,5.2,6.8,817,208,0,35.7
80133,1657,173,4.5,3.1,77,49,0,42.8,29,25,0,69.9,642,152,2.7,3.9,407,126,4.5,4,312,108,9.7,9.7,108,62,0,57.1,82,61,-,**
80134,42532,888,4.6,0.8,2977,341,11.5,6.4,2563,355,10.3,5.3,17905,731,3.3,0.9,9446,480,4.1,1.5,5926,439,5,2,2309,273,8.5,6.8,1406,242,0,36.7
80135,3249,361,8,2.9,241,102,12.2,13.1,143,61,0,30.7,521,117,11.2,9.3,877,207,8.8,6.1,807,141,4.9,5,439,102,0,23.9,221,82,100,98.9
80136,3817,324,8.8,3.6,328,104,13.6,23.6,162,93,21.8,21.9,1247,178,7,6.5,925,170,9.9,8,691,164,8.3,5.2,338,121,0,29.9,126,66,0,53.3
80137,1031,263,6.7,4.5,279,179,25,24.5,15,25,0,76.6,171,66,0,20.3,207,96,6.8,7.5,163,71,10.7,12.6,105,59,0,52.4,91,59,-,**
80138,23061,818,4.8,1.1,1588,295,5.3,7.4,1517,311,14.7,8.1,7401,431,4,1.6,5813,475,2.4,1.3,3896,404,6.5,2.7,1843,207,3.8,4.5,1003,207,0,50.9
80202,11183,903,6.4,2.9,280,152,32.8,26.7,1474,424,0,2.7,6112,780,4.5,2.4,1354,262,14.1,12.2,1154,206,14.7,15.6,563,155,22.1,22.2,246,100,0,48.8
80203,19556,794,4.6,1.3,77,58,46.7,53.3,2675,412,2.3,1.6,11546,745,4.9,1.7,1886,374,3.2,2.6,2023,360,5.9,3.3,969,192,8.7,14,380,129,0,44.7
80204,24351,1060,11.1,1.9,1588,315,26.9,15.1,2851,362,10.7,5.4,10773,782,10.6,2.2,3179,289,11.1,4.3,3114,394,9.5,3.2,1652,209,6.3,7.4,1194,168,20.6,32
80205,25483,1064,11.3,2,1009,224,34.2,16.9,2463,513,14.4,6.3,13196,805,7.6,2,3704,483,20.8,6.3,2721,332,16.2,6.7,1254,176,3,6.7,1136,183,16.9,23.4
80206,19034,708,4.7,1,248,94,23.4,24.4,1668,296,2.9,2.7,9102,523,3.6,1.3,2399,278,9,3.6,2853,325,5.6,2.7,1754,257,3.9,3.2,1010,186,7.8,11.3
80207,18043,792,8.7,2,901,191,56.2,17.5,1032,241,9.2,6.8,7652,551,6.8,2.2,2963,351,8.3,5.4,2489,295,5.7,3.4,1762,202,12.4,11,1244,210,0,37.6
80209,20724,811,5.4,1.3,308,124,16.9,17.3,1089,293,7.5,6.4,9871,708,4.7,1.6,2987,414,6.8,4.1,3325,346,5.7,3,1765,262,3.6,4.1,1379,196,0,28.7
80210,30759,1146,6.5,1.1,2570,725,19.6,8.2,3448,589,5.7,3.5,13014,693,5.8,1.5,4354,379,6.6,3,3845,309,6.1,2.7,1783,220,4.1,4.1,1745,225,0,36
80211,27775,832,7.4,1.4,1192,277,13.8,12.5,1628,330,19.1,9.2,14535,687,6.2,1.7,3734,450,4.6,2.4,3353,364,10.7,4.6,1979,237,7.3,6.4,1354,194,0,43.3
80212,15873,822,7.2,1.9,562,192,16.6,23,794,289,20,14.8,7179,626,5,1.8,2535,366,6.3,4,2345,324,10.1,5.1,1346,227,9.4,11.9,1112,190,0,27.2
80214,20746,853,10.3,2,925,244,54.6,22.8,2039,399,9.5,6.4,8106,632,8.5,3.7,3560,442,13.9,5.7,2924,366,5.2,3.8,1397,222,5.5,6.8,1795,264,11.7,21.2
80215,15134,663,8.2,1.9,658,167,20.6,13,1345,361,12,7.1,4486,458,8.3,2.4,2605,299,6.5,3.8,2756,265,6.5,3.8,1503,213,3.9,4.6,1781,228,5.6,9.9
80216,8154,772,13.2,4.1,717,238,15.4,14.2,1180,307,19.1,12.5,3498,466,11.3,4,1249,203,13.5,7.7,882,163,12.5,8.1,359,83,0,29.4,269,66,0,100
80218,16918,758,6.1,1.6,262,104,12.2,20.2,1462,273,12.5,7.3,8964,626,4.3,1.8,1796,318,9.9,5.5,2408,261,4.7,3.8,1216,204,11.3,9.4,810,187,0,49.4
80219,46383,1641,10.9,1.3,3696,433,29.8,9.8,4383,514,11.6,3.6,20037,1046,11.8,2,6844,510,5.7,2,5502,493,9.3,3.3,3328,307,2.9,3.5,2593,286,0,18.3
80220,29428,1070,8.1,1.4,1716,361,42.7,15,2368,405,21.9,7.5,12508,817,5.4,1.6,4964,489,8.7,3.5,4211,390,3.3,2.7,2328,256,0.9,1.4,1333,243,0,28.5
80221,31508,949,11.1,1.6,2250,373,29,9.6,3283,489,15.6,5.4,12525,635,9.1,2,5153,476,10.2,2.9,4246,365,8.9,3.5,2056,244,16,11.9,1995,255,0,23.3
80222,17196,600,9.7,2,735,176,38,20.6,1549,357,10.9,5.1,6760,456,7.8,2.7,2609,285,9.8,4.8,2504,279,9.6,5.6,1220,170,6.4,6.5,1819,188,0,45.2
80223,13870,785,7.5,2.3,835,212,11.9,10.6,1412,334,9.1,7.2,5820,496,5.9,2.5,2199,317,9.9,7.2,1999,335,8.2,4.7,921,147,2.8,4.3,684,171,11.4,22.5
80224,14504,759,9.3,2.6,419,139,10.6,16.5,959,295,11.4,10.9,5109,507,11.3,4.2,2106,269,11.2,7.3,2333,320,2.2,1.8,1558,202,6.5,6.5,2020,223,0,14.4
80226,25522,765,7.5,1.4,1834,324,34.6,11.1,2468,459,7.1,3.7,9305,574,5.9,1.8,3500,357,6,2.5,3781,319,6.8,3.4,2400,245,4.1,3.4,2234,248,19.7,27.8
80227,27857,846,7.7,1.4,1527,301,11.8,7.3,2646,395,16.1,6.7,9319,677,6.2,1.9,4810,434,6.3,2,4472,366,7.6,3.2,3053,265,5.2,3.5,2030,225,0,30.5
80228,25946,692,7.7,1.3,1426,224,18.6,12.1,2594,314,14.2,5.3,8438,498,4.9,1.8,5099,373,7.3,2.2,4256,431,8,3.9,2529,234,9.5,4.6,1604,239,0,29.4
80229,37259,1143,9.7,1.4,2695,371,32,10.1,3976,396,11.7,4,15872,749,7,1.5,6348,553,11.7,3.3,4407,388,7.6,3.4,2339,273,10.8,9.4,1622,245,17.5,23.8
80230,6396,315,4.3,2.6,274,115,7.3,13.6,323,136,3.3,5,2904,325,6.4,4.4,1164,224,2.1,3,932,246,0,4.2,400,104,0,17.8,399,123,-,**
80231,28492,893,6.6,1.6,1017,301,29.5,15.4,3244,556,5.7,3.4,12025,830,5.8,2.2,4380,524,5.1,3,3923,440,7.1,3.9,2105,283,13.9,9.2,1798,313,0,20.2
80232,17867,613,7.9,1.8,856,240,27.8,13.2,1211,227,16.9,8.7,6315,481,7.1,2.7,2850,331,5.8,3,3031,340,5.6,3,1957,238,4,4.5,1647,265,16.2,17
80233,36396,1038,8.5,1.5,2264,338,29.7,10.7,3392,481,11.1,5.5,14848,883,8.7,1.9,5979,509,5.6,2.1,5321,445,4.9,3.2,2463,314,0,5.2,2129,275,0,25.2
80234,20773,784,8.7,2.2,1226,308,31.8,13.8,1708,274,9.9,7.6,8206,559,7.3,2.5,3498,399,7,3.9,3271,429,5.5,3.4,1758,227,19.2,10,1106,193,0,63.2
80235,6584,398,8.1,2.8,472,139,21.1,19.8,498,128,10.6,9,2212,337,7,4.5,1295,197,9.2,5.1,991,165,5,5.5,607,123,8.2,8.5,509,105,28.1,39.9
80236,13174,728,8.8,2.2,867,361,0,9.6,1086,280,13.5,10.2,4736,446,7.2,2.8,2227,353,11.4,5.6,1729,242,12,7.5,1258,208,0,19.1,1271,233,0,31.8
80237,16125,820,4.2,1.1,463,189,23.3,21.2,1004,243,1.8,2.9,6915,949,1.8,1.1,2409,354,6.7,4.1,2252,289,7.6,4.3,1622,261,4.3,4.5,1460,241,0,20.9
80238,7803,338,3,1.3,47,40,-,**,68,44,19.1,26.9,5456,328,2.2,1.4,1193,210,1,1.7,596,177,6.1,6,321,130,31.7,20.7,122,76,0,89.4
80239,30284,1216,10.9,1.7,2741,324,33.4,10.9,3200,449,18.7,6.5,14063,804,8.2,1.8,4739,434,11.2,4,3003,399,3.6,2.8,1443,249,9.3,9.4,1095,223,0,22.5
80241,25205,818,7.3,1.5,1741,294,19.8,8.9,2228,407,17.5,8.4,10240,529,5.9,1.7,5114,443,6.6,2.8,3169,394,1.9,1.7,1534,265,11.3,10.9,1179,273,0,24.8
80246,11356,523,5.9,1.9,335,117,7.5,11.8,1705,338,3.5,3.9,5480,469,5.4,2.2,1464,270,14.3,7.3,1252,277,2.1,2.5,598,146,4.5,7.7,522,128,0,74.1
80247,21539,851,7.6,1.8,854,254,45.8,19.9,1865,453,10.3,6.3,8992,615,5.7,2,2709,359,9,4.4,2760,291,3.5,3.9,2031,299,6.4,4.5,2328,279,0,24.1
80249,18902,1069,7,2.1,1168,294,21.5,18.8,1345,351,17.7,9,9830,718,4.9,2.1,3130,361,8.3,5.4,2062,390,6.8,6.3,816,210,0,11.5,551,348,0,39.6
80260,24716,1051,10,1.7,1588,350,28.6,13.5,2895,421,10.9,5.2,9636,668,9,2.5,4311,484,7.5,3.8,3009,391,9.4,4.7,1851,231,8.6,8,1426,240,41.1,33.8
80264,0,12,-,**,0,12,-,**,0,12,-,**,0,12,-,**,0,12,-,**,0,12,-,**,0,12,-,**,0,12,-,**
80290,0,12,-,**,0,12,-,**,0,12,-,**,0,12,-,**,0,12,-,**,0,12,-,**,0,12,-,**,0,12,-,**
80293,0,12,-,**,0,12,-,**,0,12,-,**,0,12,-,**,0,12,-,**,0,12,-,**,0,12,-,**,0,12,-,**
80294,0,12,-,**,0,12,-,**,0,12,-,**,0,12,-,**,0,12,-,**,0,12,-,**,0,12,-,**,0,12,-,**
80301,20253,650,5.7,1.5,934,218,40.1,26.2,2033,357,3.6,3.4,7671,523,6,2.2,3745,329,5.5,2.8,3120,277,2.5,1.7,1675,211,6.3,5.6,1075,245,0,43.7
80302,25853,1016,7.8,1.6,2654,511,26.8,10.4,9086,740,10.5,3.3,6327,478,5.7,2.3,2579,328,4.6,2.9,2820,359,4,2.6,1363,202,2,3.3,1024,189,0,31.3
80303,20753,711,5.5,1.4,1212,305,17.6,13.8,5420,555,7.9,3.5,6089,491,3.2,1.5,2138,248,6.9,3.9,2481,292,3.5,2.2,1664,180,0,5.5,1749,284,0,45.8
80304,21371,739,5.2,1.5,752,182,21.2,18.5,2109,456,14.2,9.8,8222,510,3.2,1.4,3815,419,3,1.9,3403,317,6.5,3,1889,196,2.1,3.5,1181,221,0,36.3
80305,14737,619,7.3,1.7,955,251,22.5,13.8,2553,549,16.4,5.5,4931,404,3.1,1.5,2464,257,5.4,2.3,1802,197,7.3,3.3,1143,147,0,10,889,147,0,33.8
80310,6630,802,27.8,7.3,5609,766,36.7,8.3,979,218,1.2,2.7,33,30,0,51.6,9,17,0,98.9,0,17,-,**,0,17,-,**,0,17,-,**
80401,33007,749,6.1,1.1,2445,335,19.9,8.9,3468,447,7.5,4.3,9929,585,5.8,1.9,5594,391,4.5,1.8,5945,469,5.2,2.1,3516,341,3.5,3.1,2110,213,3.6,5.3
80403,14890,556,5.9,1.7,680,151,20.6,18.7,691,186,18.6,12.8,4751,327,4.6,2.2,3444,386,3.7,2.2,2923,336,5.6,4.1,1579,219,7.5,5.8,822,161,0,47.5
80419,382,118,-,**,65,89,-,**,35,70,-,**,256,60,-,**,26,52,-,**,0,12,-,**,0,12,-,**,0,12,-,**
80420,746,192,2.2,2.6,32,31,50,50,28,41,0,56,357,135,3.4,3.3,168,80,0,17.9,133,118,0,26.9,26,26,0,59.3,2,3,-,**
80421,6656,425,7.9,3.4,483,93,0,13.5,280,125,29.5,22.1,1757,225,6.6,5.2,1623,236,3,2.9,1525,182,14.3,8.5,782,173,5.5,10.6,206,75,0,74.1
80422,3520,261,5.7,3,127,77,0,82.3,119,73,0,26.7,1299,210,8.1,4.7,647,166,6.5,8.8,905,187,1.1,1.4,319,117,12.2,26.2,104,54,-,**
80423,132,135,15.2,32.9,8,14,-,**,0,12,-,**,41,63,0,56,19,24,26.3,51.4,39,31,26.3,40.1,25,27,-,**,0,12,-,**
80424,8108,646,4.3,2.1,254,104,50.8,38.8,723,259,7.6,7.6,3908,553,1.9,1.8,1015,232,1.1,1.4,978,226,7.6,10.2,970,215,11.1,15.2,260,140,0,60.5
80425,219,142,0,18.6,0,12,-,**,0,12,-,**,35,37,0,69.9,16,25,-,**,87,74,0,38.9,71,69,0,34.8,10,16,0,93.8
80426,217,142,3.4,6.9,0,12,-,**,43,49,0,45.2,33,36,0,51.6,85,72,0,32.1,36,32,31.6,57.9,8,14,-,**,12,11,-,**
80427,622,159,8.6,6.4,0,12,-,**,25,23,0,59.3,268,106,7.7,9,149,67,0,22.8,123,55,19.7,20,52,38,28.1,40.1,5,8,-,**
80428,374,146,0,11.9,25,29,-,**,10,14,0,93.8,217,104,0,17,43,32,0,45.2,46,34,0,60.5,0,12,-,**,33,50,0,100
80432,104,77,0,43.7,0,12,-,**,0,12,-,**,0,12,-,**,15,23,0,76.6,78,72,0,53.3,0,12,-,**,11,18,-,**
80433,6926,519,3.2,1.1,510,158,16.4,12.7,273,98,10.6,12.3,1611,272,1.9,2,1640,219,0.6,0.9,1768,197,4.2,2.4,713,147,3.3,6.1,411,109,0,50.9
80434,32,19,0,56,0,12,-,**,0,12,-,**,9,14,0,98.9,6,8,0,100,9,7,0,98.9,4,5,0,100,4,5,-,**
80435,6695,695,6,4.4,332,195,0,18.3,1041,384,7,7,2556,473,0.9,1.6,1202,305,8.3,9,1142,313,12.5,14.6,361,116,38.6,44.4,61,43,0,100
80436,422,162,6.7,9.3,16,23,0,74.1,0,12,-,**,76,60,0,39.3,120,84,16.7,26.3,115,92,0,27.2,49,37,0,100,46,62,-,**
80438,301,79,5.6,3.6,12,16,0,85.6,21,14,22.2,32.8,58,28,10.2,11.1,65,32,0,40,112,56,2.3,6.7,29,16,16.7,24.5,4,7,-,**
80439,19527,631,6.8,1.4,1141,193,24.9,10.2,629,175,6.9,6.6,4171,432,5.9,2.7,4597,318,5.6,2.5,4938,357,6.1,2.7,2659,212,9.6,6.1,1392,201,0,26.7
80440,2032,320,7.6,4.8,106,60,0,51.6,233,92,22.5,26.6,683,149,3.3,4.4,544,138,3.5,5.4,370,127,15.3,18,80,48,0,37.3,16,16,-,**
80442,2221,557,2.8,2.5,29,36,0,71.9,77,77,9.1,14.7,974,298,0,4.1,165,86,8.5,13.1,588,271,5.8,8.5,377,240,0,27.8,11,12,-,**
80443,2874,282,5.4,3.8,20,22,-,**,158,104,0,21.5,1314,294,8.9,6.3,404,152,1.8,3.7,516,192,0,7.4,266,132,14,30.1,196,105,0,66.3
80444,1021,147,5.3,2.9,25,19,0,74.1,46,36,0,54.1,421,100,1.4,2.2,213,75,7.8,7.7,139,50,19.2,16,140,64,3.7,5.5,37,27,0,100
80446,2735,473,7.5,4.1,121,56,21,29,128,89,44.3,30.9,824,296,3.2,3,552,208,0.6,1,755,205,5.3,4.3,301,145,37.6,51.8,54,54,0,98.9
80447,1537,444,1.2,2,56,66,-,**,4,7,0,100,154,127,0,23.3,513,313,0,6.2,321,177,7.4,12.7,187,128,0,28.5,302,118,0,28.5
80448,278,176,0,19.1,8,13,0,100,0,12,-,**,0,12,-,**,105,74,0,26.1,42,42,0,79.3,123,136,0,59.3,0,12,-,**
80449,749,239,3.3,4.5,11,16,-,**,11,16,100,89.4,110,97,0,25.2,122,78,0,32.1,271,137,0,25,168,83,0,59.3,56,51,-,**
80451,615,224,18.2,18.7,60,56,100,100,14,22,0,79.3,233,98,2.2,3.5,157,110,44.7,46.1,104,55,4.6,8.7,36,33,0,100,11,12,-,**
80452,2289,289,13.1,5.8,96,67,100,52.4,229,74,17,15.1,746,164,1,1.5,404,115,10.9,8.6,493,111,31.8,15.4,162,62,8.2,14.1,159,72,0,69.9
80453,219,134,6.5,8.2,23,35,-,**,21,29,47.6,13.5,77,66,0,40.4,40,62,0,66.3,42,46,0,45.8,16,25,0,74.1,0,12,-,**
80454,893,184,5.3,6.8,25,30,52.9,52.9,45,47,100,66.3,292,124,0,11.7,241,109,0,13.6,126,70,5.6,9.4,111,68,0,53.3,53,43,-,**
80455,463,146,0.6,1.3,35,38,0,100,27,35,0,100,116,62,0,25.2,94,48,2.5,5.3,90,60,0,31.8,86,44,0,48.8,15,19,0,100
80456,735,172,13.2,12.1,0,12,-,**,10,17,0,93.8,116,54,0,31.5,205,83,28.3,22.6,256,151,0,32.7,101,31,0,40.4,47,46,0,89.4
80457,478,179,15.1,20.8,64,103,100,37,22,36,0,63.2,224,131,0,13.5,68,50,0,35.7,91,74,0,49.4,0,12,-,**,9,14,0,98.9
80459,1920,395,9.7,6.3,185,87,3.3,6.9,141,150,52.3,28.4,635,205,7.5,6.9,373,135,7.5,8.5,415,114,0,10.6,75,40,0,98.9,96,70,0,82.3
80461,5616,242,6.4,3,231,88,54.3,26.1,444,152,15.2,13,2177,232,5,3.3,1096,182,1.9,3.1,1014,176,3,3.8,457,97,0,19.9,197,95,-,**
80463,127,82,8.7,21.6,19,23,31.6,56.1,0,12,-,**,25,27,0,59.3,30,32,0,59.3,29,24,-,**,0,12,-,**,24,31,-,**
80465,12815,394,6,1.6,705,139,27.6,19.2,517,142,10.8,8.4,3830,292,4.2,1.9,2686,260,6.9,3.3,3097,305,4.5,2.5,1393,178,0,6.4,587,138,14.6,24.2
80466,2685,399,5.3,2.7,85,48,0,76.6,187,120,0,20.7,1019,228,6.8,5.7,520,144,0.7,1.1,544,190,6.8,6.4,253,160,14.8,24.7,77,47,0,100
80467,1847,213,7.4,2.5,66,44,15.4,24.4,120,70,26,23,595,144,7.7,5.3,447,96,4.1,4.2,386,109,1.8,3.3,204,68,10.7,13.9,29,21,-,**
80468,345,129,0,11.1,0,12,-,**,12,18,0,100,72,91,0,34.4,144,107,0,20.8,60,60,0,48.8,42,62,0,60.5,15,23,-,**
80469,230,84,11.2,15.1,0,12,-,**,24,28,0,60.5,32,36,68.8,53.8,46,29,0,46.3,92,56,0,31.5,13,13,0,100,23,27,0,85.6
80470,2942,434,6.5,2.8,76,47,58.1,40.6,41,39,0,59.3,867,250,8.7,4.6,752,194,2.9,2.5,819,218,5.4,5.4,295,148,0,27.2,92,55,-,**
80471,0,12,-,**,0,12,-,**,0,12,-,**,0,12,-,**,0,12,-,**,0,12,-,**,0,12,-,**,0,12,-,**
80473,52,33,0,74.1,0,12,-,**,0,12,-,**,0,12,-,**,9,15,0,98.9,0,12,-,**,35,20,0,100,8,8,0,100
80475,66,55,0,36.3,0,12,-,**,0,12,-,**,0,12,-,**,0,12,-,**,32,57,0,52.4,0,12,-,**,34,51,0,50.9
80476,215,65,10.3,7.7,4,5,0,100,4,5,0,100,66,34,14,12.8,46,26,0,45.8,46,25,11.9,16.7,30,17,33.3,43.1,19,17,-,**
80477,296,208,0,12.9,72,116,0,34.4,0,12,-,**,141,133,0,20.4,16,18,0,74.1,27,38,0,100,23,37,-,**,17,25,-,**
80478,1457,767,3.7,6.5,82,97,0,55.1,343,296,0,9.1,499,416,0,6.4,231,200,0,13.1,97,105,45.4,54.6,186,173,0,100,19,28,-,**
80479,26,32,0,64.7,0,12,-,**,0,12,-,**,0,12,-,**,0,12,-,**,21,30,0,64.7,0,12,-,**,5,8,-,**
80480,1052,98,1.3,1.6,43,25,0,85.6,34,30,0,52.4,304,86,0,12.5,232,70,2.3,3.9,205,66,3.1,4.5,130,38,0,37,104,38,0,58.2
80481,673,198,0.9,1.8,33,25,66.7,64.4,0,12,-,**,68,39,0,38,139,92,0,23.3,289,195,0,12.7,144,149,0,100,0,12,-,**
80482,933,337,0,5.1,7,13,-,**,71,95,0,34.8,320,156,0,11.4,219,111,0,14.4,233,212,0,37.3,76,61,0,100,7,11,-,**
80483,419,106,9.2,6.4,27,20,50,50,13,16,53.8,46.3,87,48,0,35.7,64,28,3.8,6.8,150,63,8.6,8.7,46,21,0,100,32,15,0,100
80487,14183,401,6.5,2.3,900,126,34.9,17.3,1231,183,10.4,8.7,5102,338,4.8,3.4,2551,148,5.3,2.5,2699,162,4.6,3.3,1241,115,3.4,5.3,459,69,0,41.1
80488,46,59,39.1,25.6,0,12,-,**,11,17,0,89.4,0,12,-,**,0,12,-,**,35,56,51.4,6.4,0,12,-,**,0,12,-,**
80497,352,261,0,8.8,0,12,-,**,0,12,-,**,212,170,0,14.2,126,128,0,22.5,14,22,0,79.3,0,12,-,**,0,12,-,**
80498,6116,664,7.7,5.7,196,109,1.7,4.8,525,304,0,10.8,2022,486,8.9,5.8,1279,249,4.7,7.7,1506,335,11.6,15.2,464,168,4,6.7,124,91,-,**
80501,31699,922,9.2,1.3,2125,384,17.1,7,2821,413,10.9,5.7,11819,684,6.9,1.8,5513,425,10.2,3.5,4404,306,11.7,4.1,2370,222,4.4,3.8,2647,260,0,24.6
80503,25586,725,7.2,1.4,2081,394,17.5,10,1738,338,9.4,7.3,6883,505,4.2,2,5554,426,6,2.7,4803,387,9,3.5,2952,295,11.4,6.6,1575,250,0,42.8
80504,36313,1048,8,1.3,2272,356,19.7,10.9,2504,407,16.6,9.1,13643,712,7.2,1.6,6886,449,4,1.6,6211,477,8,2.6,3382,308,13.5,6.6,1415,245,2,4.2
80510,494,128,14.3,7.6,6,8,100,100,46,64,0,43.7,186,102,16,11.8,35,31,28.6,39.5,92,50,0,39.3,79,56,22.7,52.8,50,39,-,**
80511,129,218,0,23.1,9,23,0,98.9,47,92,0,46.9,36,58,0,49.4,7,16,0,100,20,45,0,66.3,10,23,0,93.8,0,12,-,**
80512,1699,348,4.2,5,94,118,100,55.1,0,12,-,**,428,195,1.4,2.7,177,88,0,17.7,501,160,0,9.1,324,153,7.9,14.2,175,74,0,89.4
80513,8469,554,9.3,3.9,588,170,31.4,19,312,110,25.2,26.1,1953,265,9.9,6.3,1672,264,7.6,6.4,2264,331,2.7,3.1,986,210,10.8,12.9,694,196,-,**
80514,3561,211,4.5,3.1,241,126,5.3,8.7,264,120,8.2,11,1371,215,0,2.9,840,198,8.4,8.1,372,118,6.9,8,322,189,13.9,29.7,151,72,-,**
80515,949,304,17.8,16.5,0,12,-,**,21,44,0,64.7,279,145,36.7,32.9,199,165,0,19.8,233,104,11.8,18.2,182,135,0,43.3,35,56,-,**
80516,16284,543,4,1.2,1005,238,4.2,3.6,787,231,6.8,5.8,6529,310,3.6,1.6,3885,360,4.4,2.3,2461,340,3.7,2.5,1130,196,3.2,5.3,487,182,0,50.1
80517,8028,489,5.2,3,281,100,11.2,15.5,312,165,0,10.8,1456,303,6.2,5.6,940,250,4.9,4.5,1985,368,3.7,4.4,1634,313,9.2,10.9,1420,303,0,32.9
80520,1095,238,0,3.6,40,41,0,46.9,132,93,0,22.9,316,159,0,12.2,226,130,0,15.1,274,171,0,12.5,58,53,0,55.1,49,56,-,**
80521,32027,1018,8.6,1.2,6427,663,32.4,6.5,11092,898,8,2,7821,540,3.3,1.4,2326,252,3.7,2,2418,235,8.2,4.8,1072,158,0,7,871,140,0,35.4
80524,26102,836,8.2,1.1,1186,254,31.3,11.6,3210,440,10.8,3.7,9255,565,6.4,1.7,3624,341,8.8,3,4523,405,6.5,3.4,2567,302,5,4.4,1737,207,8.1,8.6
80525,40541,1094,8.3,1.4,2386,358,26.1,9.5,4727,616,14.5,6.1,13932,664,6.4,2,6759,479,5.7,1.9,6502,417,7.4,2.7,3410,337,4.9,4.2,2825,273,0,21.2
80526,36938,1105,7.2,1.2,2372,411,19.7,7.4,6905,817,10.6,4.9,13059,689,6.8,1.5,5609,443,2.7,1.4,4866,368,6.4,2.2,2439,307,2,2.8,1688,208,0,17.7
80528,13389,561,5.8,1.6,1138,243,21.6,13.1,755,236,12,11.7,5174,422,3.9,2.3,2957,311,4.1,2.4,1750,287,7.2,4.9,1093,222,7.8,8.1,522,196,0,41.9
80530,2723,273,5.2,3,257,129,10.3,15.9,137,66,11.2,13.7,992,215,3.3,4,637,158,5.6,8.1,394,120,5.2,6.3,214,81,0,52.4,92,73,0,76.6
80532,100,161,48.4,4.4,0,12,-,**,0,12,-,**,0,12,-,**,38,61,-,**,0,12,-,**,0,12,-,**,62,100,48.4,4.4
80534,9447,718,5.1,2.3,446,175,22.5,36,457,208,19.4,28.3,4308,412,2.1,1.5,1477,311,6.7,5.2,1524,293,4.3,6.4,825,200,13.4,19.2,410,184,100,85.6
80535,2520,314,8.2,6.6,148,100,29.5,41.9,145,83,0,26.5,421,156,3.1,4,578,181,16.5,20.1,727,160,5.6,6.4,304,124,0,28,197,115,0,64.7
80536,1680,287,0,3.8,43,47,0,100,14,24,0,79.3,352,116,0,13.4,214,100,0,17.3,428,121,0,10.8,507,182,0,20.2,122,52,-,**
80537,32427,877,7.5,1.4,1597,291,17,8.9,2439,433,11.5,5.7,10338,562,6.5,2.6,5812,402,8.7,2.9,5912,465,4.4,1.9,3475,373,10.4,6.3,2854,322,0,20.8
80538,36675,934,7.5,1.2,2344,413,29.1,12.7,2576,527,10.4,4.9,11546,659,6.3,2,6674,424,7.4,2.6,6019,542,3.9,1.6,4189,382,6.5,4.9,3327,321,0,18.3
80540,4185,368,5.9,2.4,235,105,20,23.5,247,125,10.8,12.8,1163,221,7.2,5,1009,241,1.6,1.6,829,154,7.7,5.3,492,106,0,18.7,210,70,-,**
80542,2745,149,1.8,1.3,142,65,0,48.8,137,93,0,24.4,748,148,0.7,1.3,778,161,3.8,3.5,608,159,0,7.3,290,109,6.7,11.9,42,52,-,**
80543,4479,284,4.3,2.5,239,118,13.7,23.9,364,157,7.2,13.2,1977,206,3.5,3.4,792,199,5.4,5.6,639,219,2.8,4.9,308,141,-,**,160,119,0,37
80544,0,12,-,**,0,12,-,**,0,12,-,**,0,12,-,**,0,12,-,**,0,12,-,**,0,12,-,**,0,12,-,**
80545,628,175,5.3,8.4,19,30,0,68,12,15,0,85.6,48,45,37.2,48.4,155,100,0,26.7,124,64,0,30.7,98,59,0,57.1,172,80,0,85.6
80546,98,83,0,39.3,5,7,0,100,21,33,0,64.7,7,12,0,100,28,30,0,56,0,12,-,**,37,59,-,**,0,12,-,**
80547,803,276,7.5,6.4,39,30,9.5,18.1,10,13,0,100,456,209,7.9,7.5,87,51,12.1,18.9,76,44,0,45.8,124,132,0,93.8,11,14,-,**
80549,6969,577,4.5,2.3,550,225,6.1,10.7,453,222,34.3,20.4,2847,382,3.3,3.5,1521,275,1.5,1.9,913,263,0,5,531,153,0,12.7,154,84,0,93.8
80550,16676,448,5,1.3,859,162,19.9,14,832,234,9.1,7.3,6323,435,4.4,2.4,3649,446,4.2,2.1,2890,380,2.5,2,1312,189,12.1,11,811,154,13.3,27.8
80601,26213,601,7.6,1.6,1847,303,24,11.2,2264,332,14.4,7,10795,508,6.8,2.3,4623,415,4.9,2.5,3391,359,4.1,2.8,1852,239,13.6,11.3,1441,237,0,51.6
80602,20965,727,5.3,1.3,1200,196,26.5,11.7,1335,365,11.9,7.1,9825,501,4.2,1.3,3854,321,2.8,2,2706,416,5.7,4.7,1564,242,1,1.9,481,123,0,52.4
80603,8449,549,5.9,2.4,428,166,13.9,22.9,625,177,13.5,11.1,3494,381,3.3,2.6,1535,267,5,5.3,1327,232,6.8,5.7,669,206,18.1,24.5,371,134,0,100
80610,2008,223,10.1,4.9,111,38,39.1,37.6,146,64,5.5,7.2,606,143,7.3,4.9,443,105,11.8,12.9,303,90,13.8,17.6,265,80,0,31,134,54,30.8,40.2
80611,510,96,4.5,3.7,44,36,52.2,17.7,5,6,0,100,109,41,0,32.4,124,52,2.1,4.1,147,51,0,27.6,55,21,0,89.4,26,15,0,100
80612,392,219,4.6,6.7,28,33,-,**,0,12,-,**,82,77,0,31.5,57,43,15.8,20.8,118,98,0,40,92,89,-,**,15,23,-,**
80615,5693,461,4.1,2.3,421,178,23,26.5,348,130,0,9.5,1813,218,2.1,2,1117,237,2.2,3.2,1041,248,8.1,8.2,674,186,11.5,17.5,279,104,0,89.4
80620,12492,513,7.9,2.1,1154,263,26.7,15.8,1705,350,9.8,7,5271,401,7.5,2.9,1773,270,3.8,4.4,1361,230,0,3.8,744,113,22.4,15.8,484,135,0,76.6
80621,8974,376,5.9,1.7,656,150,25.8,14.2,568,152,20.6,16.7,2911,246,3.2,1.7,1807,249,6.4,3.8,1696,236,2.5,2.1,798,185,3.1,4.5,538,118,0,56
80622,127,77,0,36.7,20,26,-,**,0,12,-,**,72,51,0,43.3,18,19,0,89.4,14,13,0,100,0,12,-,**,3,6,-,**
80623,743,166,10.5,6.4,73,46,50,50,75,46,31.7,31.3,243,84,6.8,6.6,128,51,3.3,6.3,106,59,0,33.8,90,56,0,63.2,28,20,0,100
80624,800,249,7.5,8.3,42,36,0,82.3,88,74,42,47.9,289,129,0,11.4,246,121,0,15.2,91,64,0,29.2,0,12,-,**,44,52,100,82.2
80631,39054,1037,12.8,1.6,5646,599,23.7,7.5,7642,495,13.4,3.6,12729,740,12.2,2.4,4697,391,11.7,3.6,3833,326,7.3,3.3,2369,263,4.2,3.9,2138,225,8.5,12.9
80634,42935,1052,7.5,1.3,2573,376,32.4,10.7,3508,509,11.4,4.1,15350,787,5.6,1.6,6773,573,4.9,2.3,7116,380,7.4,2.2,4038,278,9.8,5.4,3577,306,0,14.1
80640,8101,613,5.3,1.7,499,189,21.6,16.5,666,221,19.5,11.7,4184,362,2.8,1.8,1094,216,1.8,1.9,1126,310,4.3,4.8,357,88,33.3,31.1,175,79,0,68
80642,4130,329,3,2.1,238,69,0,23.6,320,184,0,10.3,1615,267,4.6,4,948,223,0.7,1.2,617,149,3.9,6.2,323,124,10.8,17.2,69,57,-,**
80643,2602,390,5.6,3.2,102,68,7.9,17,101,51,8.7,11.5,902,239,10.2,6.5,509,174,4.4,6.6,508,184,0,9.5,326,109,0,18.8,154,61,0,82.3
80644,2436,272,5.8,3.1,185,73,20.8,20.4,206,92,2.7,5,754,171,6.4,5.7,570,129,3.5,3.5,369,115,9.5,13.3,264,88,0,29,88,49,-,**
80645,3529,347,11.4,4,240,90,71.7,29.1,241,129,8.9,9.8,1206,168,11.7,4.7,716,128,5.7,3.8,538,123,2.2,3.1,326,74,0,44.2,262,88,0,98.9
80648,809,187,10,4.3,87,52,12.9,21.8,49,40,38.3,26.2,258,74,7.1,5.3,191,78,9.4,10.1,144,72,2.2,3.5,17,9,0,100,63,36,-,**
80649,176,62,0,29,5,6,-,**,0,12,-,**,37,23,0,68,25,13,0,64.7,63,29,0,42.8,39,50,0,100,7,10,-,**
80650,1289,194,9.6,5.1,93,47,51.4,25.6,70,35,40,27,379,152,3.1,4.3,286,83,0,12.3,224,80,8.2,7.6,131,57,16.7,25.1,106,40,0,85.6
80651,3242,370,4.2,2.7,202,84,0,41.1,258,94,9.1,10.7,975,187,5.1,5.2,732,126,3.1,3.4,470,147,0,11.5,397,120,6.5,10.4,208,116,-,**
80652,226,96,0,27.4,15,22,0,76.6,14,22,-,**,22,34,-,**,29,33,0,55.1,56,38,0,48.1,58,35,0,71.9,32,39,-,**
80653,572,114,2.4,2.5,24,24,-,**,15,15,0,76.6,136,66,1.7,2.9,113,49,4.3,5.8,136,43,2.3,3.6,105,42,0,74.1,43,44,0,100
80654,1995,179,4.2,3.1,163,52,3.5,5.4,163,77,4.8,5.5,569,95,4.2,4.8,298,88,7.4,8.9,401,109,2.3,2.6,248,72,0,38,153,44,0,79.3
80701,12169,406,4.8,1.8,920,153,7.3,7.6,991,165,8.9,7.4,4119,240,5.6,2.7,2242,249,3.8,2.8,1579,186,1.6,2.4,1199,144,0,8.7,1119,159,0,41.5
80705,705,162,12.5,7.4,55,37,26.3,24.2,74,38,37.5,27.9,279,105,7.2,7.4,92,36,3.8,6.5,81,33,7.8,8.4,66,28,0,100,58,31,-,**
80720,2364,155,5.8,2.8,143,38,11.3,15.5,197,85,22.3,29.6,693,90,4.5,3.1,429,51,3.5,4,359,54,3.4,3.4,259,37,8.1,11.5,284,32,0,59.3
80721,130,65,0,29.7,0,12,-,**,18,26,-,**,6,9,0,100,32,32,0,79.3,42,32,0,48.8,32,24,0,52.4,0,12,-,**
80722,208,89,0,24.1,6,7,-,**,13,13,0,100,63,39,0,40.4,76,72,0,55.1,13,10,0,82.3,35,35,0,82.3,2,3,0,100
80723,5335,245,8.6,3.4,367,103,34.4,38.5,490,138,13.6,11.3,1556,203,9.9,7.7,999,186,5.8,4.6,871,154,4.8,4.8,434,125,0,31,618,158,0,100
80726,379,93,5.5,7.6,56,31,0,68,16,20,-,**,99,40,0,32.1,76,53,21.3,19.3,65,31,0,42.4,34,18,0,71.9,33,18,0,98.9
80727,227,71,22.6,11.7,21,24,0,100,23,26,30.4,35.5,69,35,47.7,26.1,59,34,7,15.8,32,17,9.1,17.3,17,12,0,89.4,6,5,-,**
80728,809,118,5.7,3.6,71,31,0,64.7,52,22,6.4,9.3,295,69,7.9,6.5,170,57,2,2.6,118,35,8.2,11.8,53,23,0,100,50,19,0,100
80729,445,91,10.2,7.5,9,10,55.6,55.6,28,23,0,59.3,113,59,10.2,10.2,50,28,0,46.9,73,27,6.5,9.4,122,51,25.9,32.6,50,27,-,**
80731,1101,112,7.6,3.6,96,31,30.6,21.1,82,41,8.9,9.9,228,44,4.5,6.9,197,40,7,8.6,179,50,4.5,4.5,105,29,0,49.4,214,55,0,68
80733,374,83,6.5,4.3,17,17,-,**,28,29,4.3,12.5,66,32,15.9,17.9,79,37,0,38.6,111,54,4.1,5.4,45,26,50,50,28,17,0,100
80734,2216,132,5.4,4.1,194,64,0,32.7,142,56,23.7,26.8,652,119,7.6,6.6,374,96,0,9.7,343,87,3.4,4.6,166,43,0,27.6,345,72,0,49.4
80735,276,86,0,15.5,9,14,0,98.9,18,20,0,100,99,53,0,31.8,54,33,0,41.1,37,27,0,54.1,46,30,0,85.6,13,12,-,**
80736,490,127,0.4,0.9,26,21,0,100,24,21,5.3,17,161,75,0,29.2,94,48,0,36,85,40,0,39.6,42,20,0,69.9,58,28,0,100
80737,1238,98,8.7,5.3,62,36,0,74.1,65,41,0,50.1,230,50,3.5,4.4,217,81,27.4,14.8,245,45,2.3,3.2,202,50,0,38.6,217,36,0,61.8
80740,118,53,5,7.7,11,16,-,**,12,14,0,85.6,20,25,0,85.6,21,14,27.3,33.4,23,14,0,68,20,12,0,100,11,7,0,100
80741,630,91,5.5,5.6,31,21,0,100,59,36,42.6,35.3,204,60,0,18,109,37,0,27.8,116,43,0,36.3,85,32,0,55.1,26,19,0,100
80742,198,55,8.9,9.2,11,10,60,60,13,13,0,82.3,53,37,9.5,17.9,29,20,3.4,12.8,37,23,0,85.6,23,12,0,98.9,32,19,100,100
80743,779,89,5.7,4.2,42,22,10,19.2,59,39,35.7,37.6,158,41,4.6,5.1,123,30,0,24.6,177,44,1.4,1.7,131,32,4.4,7.1,89,23,33.3,55.4
80744,425,69,8.8,6.2,33,15,25,41.9,60,36,22,20.1,100,37,5.4,8,60,26,1.9,6.6,92,33,3.8,7.4,46,23,0,89.4,34,15,0,100
80745,122,49,20.6,21.2,0,12,-,**,11,12,81.8,37.9,51,37,7.4,17.9,12,11,0,100,28,25,0,66.3,14,12,66.7,66.7,6,9,-,**
80746,46,29,0,100,0,12,-,**,2,3,0,100,2,3,0,100,4,4,0,100,1,2,0,100,14,13,0,100,23,15,-,**
80747,425,97,8.2,4.8,22,16,45.5,40.1,35,19,22.9,30.2,114,47,0,26.7,103,40,5.4,7.2,86,35,13.3,11.8,29,15,0,100,36,20,0,89.4
80749,271,72,4.5,3.9,26,29,21.7,41.7,16,15,0,74.1,44,19,7.3,7.8,49,23,0,48.1,75,27,0,41.1,28,14,0,98.9,33,12,-,**
80750,234,88,2.7,4.5,0,12,-,**,0,12,-,**,72,67,7.1,18.9,37,48,0,66.3,54,37,0,41.5,64,47,0,45.2,7,10,-,**
80751,15715,266,13,4.6,1464,304,43.3,20.5,1897,305,44.8,17,4757,240,1.7,1.3,2362,121,5.2,3.9,2275,147,3.1,2.9,1404,103,5.2,5.9,1556,117,0,17.3
80754,142,56,7.1,11,11,14,-,**,3,5,0,100,43,35,0,56,48,31,14.6,22.1,19,15,0,82.3,7,6,-,**,11,9,-,**
80755,137,100,0,29.4,19,29,-,**,0,12,-,**,62,47,0,37.6,20,29,0,100,27,31,0,69.9,8,10,0,100,1,3,-,**
80757,225,57,10.8,11.8,19,13,-,**,4,9,0,100,84,36,0,40.7,35,15,26.7,35.2,56,24,14.9,20.8,10,11,0,100,17,10,0,100
80758,2881,227,3.8,2.5,272,95,14.8,20.7,167,72,0,20,914,151,4.8,4.7,420,89,0,8.4,527,105,3.3,3.9,345,84,0,23,236,75,0,100
80759,3703,247,0.5,1,130,73,15.3,29.3,263,127,0,16.5,1272,193,0,2.9,521,129,0,6.9,575,119,0,7.8,413,101,0,17.7,529,88,-,**
80801,89,34,0,39.3,9,7,0,100,0,12,-,**,12,9,0,85.6,24,16,0,66.3,10,8,0,100,30,24,0,85.6,4,7,-,**
80802,179,56,6.1,5.8,0,12,-,**,27,24,33.3,30.4,67,32,0,38.9,34,23,0,52.4,32,18,0,60.5,8,8,0,100,11,11,0,100
80804,275,64,3.8,4.8,25,20,35.3,48.1,12,10,0,85.6,51,34,0,42.8,29,19,3.7,9.8,85,33,0,38.6,60,23,0,68,13,10,-,**
80805,406,104,3.9,4.2,28,19,71.4,35.3,14,16,0,79.3,160,71,0,20.3,92,43,2.3,5.7,43,19,0,56,39,18,0,71.9,30,19,0,100
80807,4200,185,5.4,2.8,103,55,0,31.5,432,169,2.7,5,1499,126,9.4,6.1,706,111,2.6,2.7,563,70,6,9,480,59,0,19.2,417,55,0,38.3
80808,4676,398,9.6,2.7,212,77,21.8,19.4,226,108,21.3,18.4,1469,259,13.5,5.3,1139,180,4.6,3.5,959,209,7.3,7,477,123,0,18,194,75,0,100
80809,1381,249,8.9,5.7,46,43,0,58.2,83,63,48.6,48.8,278,102,4.1,6,285,103,9.9,10.7,359,90,4.1,6,248,109,6.5,12,82,44,-,**
80810,1022,115,6.8,4.4,60,37,0,54.1,91,45,24,22.5,276,65,3.3,4.1,218,52,7.6,7.8,209,55,5.5,6.5,63,23,0,50.9,105,38,0,100
80812,142,40,0,34.1,7,9,-,**,0,12,-,**,29,23,0,71.9,24,12,0,66.3,44,19,0,52.4,8,8,0,100,30,17,0,100
80813,1588,255,6,3.5,68,42,43.6,47.1,113,79,0,25.3,457,120,6.8,5.1,248,82,9,8,445,111,1,1.8,154,70,0,57.1,103,51,0,100
80814,3576,366,9,4.7,282,97,27.8,29.7,156,93,0,22.2,809,221,22.6,13.4,933,221,4.1,4.1,903,249,4.2,4.8,383,130,0,18.1,110,75,-,**
80815,663,91,8.8,5.1,56,39,44,40.4,28,21,0,76.6,133,43,7.7,9.6,103,38,3.2,4.4,150,39,0,25.3,89,34,0,42.8,104,34,38.5,54.3
80816,4390,466,6.5,3.1,150,76,50.8,33.9,218,144,0,23.4,792,227,4.9,5.8,680,171,9.7,7.8,1361,261,3.2,3.3,885,203,5.4,9.4,304,123,0,98.9
80817,19733,624,9.2,2.2,1669,305,31.1,14.7,1433,354,22.3,10.5,9435,540,6,3,3235,415,10,4.6,2312,385,3.1,3.1,1014,211,23,20.9,635,160,0,53.3
80818,235,76,10.2,10.8,11,15,0,100,9,12,0,100,56,46,23.5,38.2,66,34,0,38,27,15,31.3,38.1,20,17,0,98.9,46,24,0,61.8
80819,598,119,8.4,6,41,25,33.3,42.1,28,28,0,66.3,117,52,0,28,141,67,7,12,156,53,17,14.8,75,30,0,52.4,40,23,100,100
80820,539,159,6.8,8.7,6,11,-,**,0,12,-,**,30,28,23.3,59.6,72,47,0,40.7,185,102,0,30.7,194,97,18.4,27.8,52,47,-,**
80821,812,119,6.7,5.5,16,35,33.3,66.7,75,61,18.8,24.4,113,50,2.6,5.5,140,50,5.6,6.5,155,52,6.1,8,152,39,0,50.9,161,41,0,50.1
80822,231,71,0,18.4,33,30,0,60.5,13,13,0,93.8,83,46,0,38,44,24,0,49.4,28,19,0,60.5,23,20,0,100,7,8,-,**
80823,152,44,2.6,6,16,19,-,**,4,6,0,100,30,25,4,13.2,15,14,8.3,30.7,31,14,0,61.8,30,14,0,85.6,26,19,0,100
80824,183,63,14.2,20.4,2,4,-,**,8,11,0,100,40,30,0,49.4,55,48,35.3,40.6,26,15,0,64.7,39,26,0,89.4,13,11,-,**
80825,355,82,3.8,4.4,44,26,0,71.9,21,17,0,69.9,139,49,6.3,9.8,57,29,0,40.7,47,20,6.5,8.1,29,17,0,98.9,18,11,-,**
80827,606,262,1.9,4,29,47,-,**,0,12,-,**,8,13,-,**,132,126,0,21.6,231,139,3.7,8.5,206,130,0,44.2,0,12,-,**
80828,3166,275,8.2,5.9,147,32,37.4,25.2,261,82,0.9,3.1,1601,239,5.1,11.8,437,104,0,13.3,325,77,12,12.4,172,45,0,44.7,223,42,46.2,53.8
80829,5007,252,5.2,3.1,162,77,0,26.3,265,145,10.7,14.9,1622,297,7.6,6.6,883,234,1,1.6,1253,261,4,4.6,605,208,6.3,8,217,99,0,64.7
80830,159,46,1.9,4.6,0,12,-,**,0,12,-,**,20,17,0,66.3,20,15,16.7,27.5,51,33,0,41.5,53,27,0,61.8,15,11,-,**
80831,17580,871,9.4,2.6,1659,357,38.4,15.4,998,238,20.8,11.7,6678,417,8.4,3.7,3898,493,4.7,2.2,2583,376,3.2,3.9,1408,235,6,9.1,356,123,-,**
80832,418,81,9.4,6.6,25,19,-,**,12,10,0,100,65,29,23.5,28,126,46,10,9,94,30,7.1,11.4,64,29,0,61.8,32,23,0,85.6
80833,468,105,4.7,5,14,13,-,**,31,25,0,66.3,99,43,0,44.2,58,29,12.8,20.3,129,47,4.3,6.4,63,33,0,100,74,43,0,100
80834,237,55,11.3,9.6,35,24,47.1,47.7,4,7,0,100,39,24,9.1,12.4,39,20,9.7,15.6,38,17,0,61.8,52,21,0,79.3,30,15,0,100
80835,698,131,4.8,3.5,67,44,0,100,29,24,0,82.3,150,52,7,6.6,194,65,5.4,6.1,124,46,3.2,4.2,64,24,0,66.3,70,30,0,100
80836,871,113,9,4.4,122,56,22.9,30,38,31,5.9,10.1,203,50,5.4,4.8,211,59,3.7,4.1,152,36,15.7,13.6,84,22,5.7,8.6,61,23,0,100
80840,5368,377,8,6.1,1565,220,-,**,2981,299,11.4,20.6,667,108,4.2,4.9,105,51,29.5,33.6,35,24,0,79.3,8,9,0,100,7,9,-,**
80860,491,96,6.7,4.8,28,25,0,69.9,14,16,0,79.3,75,31,16.4,15,147,51,6.4,7,148,48,2.8,3.6,60,28,0,74.1,19,13,-,**
80861,184,43,7.1,8.6,9,8,0,100,16,15,50,50,46,27,0,57.1,20,14,0,82.3,32,17,0,57.1,33,18,0,98.9,28,15,0,100
80862,36,24,0,59.3,3,4,-,**,0,12,-,**,8,6,0,100,0,12,-,**,14,13,0,85.6,9,11,0,100,2,4,-,**
80863,9853,506,10.6,3.2,657,176,41.3,20.5,524,135,22.5,16,2515,238,9.7,5,2268,261,8.8,4.6,2194,230,4.4,3,1193,177,11.6,13.7,502,107,0,59.3
80864,924,186,8.4,5.6,38,23,60,60,42,33,0,68,199,80,0,21.7,247,80,7.5,6.8,249,95,15.7,13.4,101,48,0,59.3,48,29,-,**
80902,7990,529,10.7,4.8,744,156,0,100,2680,348,7.4,10.4,4250,430,8.9,5.6,251,113,57.1,46.4,65,52,100,76.6,0,19,-,**,0,19,-,**
80903,13840,655,10.7,2.1,1825,472,30.4,10.5,2234,395,13.3,5.2,4633,436,7.8,2.6,1647,247,9,4.2,1893,242,10.4,5.3,910,182,6.5,10.3,698,125,0,50.1
80904,17450,628,10.2,2.1,629,212,32.1,15,1506,327,14.2,8.3,5249,493,9,2.7,2828,352,8.9,4.2,2853,326,7.4,3.5,2174,263,8.3,6.7,2211,252,20.6,30.3
80905,13813,817,8,2,714,197,34.7,33.1,1418,383,6,6,4803,620,6.1,2.6,2559,356,7.5,3.5,2201,311,9.5,5.2,1118,194,22.6,16,1000,190,0,23.7
80906,29285,948,11.3,2.4,1625,287,23.1,17.3,3187,565,36.5,9.5,9237,702,9.5,3.8,4997,439,5,2.1,4551,444,8.7,3.4,3144,289,9.8,6.4,2544,328,0,17.6
80907,22978,636,10.4,1.8,1150,190,52.9,15.9,2083,313,10.9,6.1,7495,462,7.6,2.4,3949,316,7.4,2.8,3949,290,12.9,3.8,2144,264,1.3,2.3,2208,242,0,23.1
80908,10966,550,7.1,2.3,987,166,28.7,18.7,393,137,34.7,23.4,2666,381,6.2,3.5,2789,268,3.1,2.7,2368,275,1.2,1.9,1196,194,19.9,13.2,567,155,0,52.4
80909,29198,1095,11,2,1672,409,27.6,12.2,3106,445,15.1,6.8,9921,688,11.1,2.9,4764,565,10.1,4.4,4163,448,4.3,2.7,2707,254,5.5,4.2,2865,302,0,18
80910,22487,867,15.9,2.5,1515,290,32.7,13.1,3128,442,19.4,6.6,8297,646,13.7,3.4,3435,406,15.7,5.5,2590,309,8.6,4.6,1672,213,14.1,8.5,1850,199,40,30.6
80911,24007,745,9.4,1.6,1461,271,42.3,16.2,2460,385,15.3,5.9,8366,535,9.1,2.1,4361,329,6.3,2.2,3501,332,3.4,2.2,2170,256,4.9,3.9,1688,208,0,40
80913,3173,411,0,35.7,538,139,-,**,1851,322,-,**,755,184,0,42.4,29,35,0,68,0,12,-,**,0,12,-,**,0,12,-,**
80914,311,93,-,**,58,50,-,**,212,76,-,**,41,47,-,**,0,12,-,**,0,12,-,**,0,12,-,**,0,12,-,**
80915,15729,790,8.8,2.5,1039,320,36.6,17.1,1653,521,15.4,10.3,5876,530,7.7,3.4,2609,319,6,3.6,2204,269,3,2.3,1323,196,7.8,11.2,1025,200,0,85.6
80916,27449,822,13.3,2.2,2245,323,45.1,16.9,4487,536,28.4,7.5,12203,626,7.6,1.9,3732,388,8.5,3.5,2690,305,11.9,4,1407,177,3.7,5.9,685,138,0,40.7
80917,24715,869,11.9,2.5,1731,279,26.9,10.7,2786,469,25.8,10.1,8217,578,10.6,3.2,3833,413,6.2,2.5,4201,373,4.6,2.3,2247,223,14.3,12.6,1700,224,0,20.9
80918,38630,977,8.5,1.2,3223,372,34.7,8.3,4194,515,12.3,4.5,13097,569,5.5,1.7,6568,481,6.3,1.8,5802,388,6.7,2.6,3641,270,7,5.8,2105,274,12.9,15.2
80919,22464,643,7.9,1.7,1349,242,15.1,10.7,1967,402,20.3,8.5,6237,387,6.3,2.3,4632,315,4.3,1.6,4626,331,8.5,3.6,2495,225,4.6,3.6,1158,240,0,46.3
80920,29022,775,7,1.2,2623,351,26.5,9.3,2443,369,10.2,4.6,9060,492,3.2,1.3,6952,479,4.9,1.7,4762,325,9.5,3.3,2055,193,13.8,10.6,1127,169,0,40.7
80921,14488,729,4.8,1.7,1119,238,11.3,11.9,872,250,11.1,8.7,4323,431,3.4,2.4,3391,383,3,2.9,2567,368,6.1,4.6,1226,233,10.3,16,990,252,0,56
80922,19133,831,5.9,1.8,1225,296,17,13.2,1322,397,18.4,11.3,8551,663,5.8,2.3,3941,398,1.7,1.7,2009,316,0.7,1.3,1407,245,0,12.1,678,177,-,**
80923,20337,932,6.4,2.3,1316,318,16.3,13.9,1308,408,15.5,10.6,10590,640,7.1,3.6,4132,365,2.5,1.8,1791,312,1.1,1.5,858,188,0,13.8,342,113,0,82.3
80924,3940,278,7.8,3.9,273,87,9,15.4,365,107,31.9,34.2,2058,214,2.4,2.2,751,158,6.1,5.8,378,138,13.8,14.5,49,39,0,79.3,66,43,-,**
80925,4877,535,10.3,3.8,315,118,57.7,24,380,141,22,20.2,2378,334,7.7,4.5,998,244,4.3,4.7,493,204,9.1,12.3,185,94,17.2,29.1,128,74,-,**
80926,1215,258,11.2,8.8,6,10,-,**,76,89,0,66.3,431,174,12.5,12.5,294,144,9.4,15,188,81,0,26.3,124,68,29.9,34.3,96,53,0,63.2
80927,869,281,12.4,10.7,57,59,0,89.4,47,48,0,54.1,545,222,11.8,10.8,137,87,19.7,29.5,48,54,0,74.1,26,30,-,**,9,16,-,**
80928,872,193,12.7,8.5,42,35,60,51.7,30,18,0,82.3,276,120,14.1,17.6,161,61,9.5,12.3,250,131,13.4,14.3,76,34,0,52.4,37,17,0,100
80929,275,164,0,17,11,18,-,**,18,29,0,69.9,39,55,0,63.2,75,68,0,33.5,90,80,0,38.9,33,42,-,**,9,16,-,**
80930,720,225,9.2,8.5,33,29,100,93.8,23,27,65.2,58.9,309,179,5.6,9.6,78,50,0,44.2,109,67,0,50.9,111,89,0,44.2,57,71,0,44.2
80938,31,50,-,**,0,12,-,**,0,12,-,**,0,12,-,**,16,25,-,**,15,25,-,**,0,12,-,**,0,12,-,**
80939,0,12,-,**,0,12,-,**,0,12,-,**,0,12,-,**,0,12,-,**,0,12,-,**,0,12,-,**,0,12,-,**
80951,2618,326,9.1,5.8,136,74,100,66.3,239,112,0,18.9,1713,288,10.4,7.8,340,138,5.9,8.9,113,70,0,27.6,50,56,0,51.6,27,32,-,**
81001,23336,721,14.8,2.4,1958,275,34.1,12.4,2510,321,19.4,7.1,7294,473,14.8,3.6,3484,375,12.6,6.4,3633,283,3.3,2.2,2204,212,11.8,7.3,2253,236,24.3,32.4
81003,12652,841,15,3.5,848,203,46,21.5,922,190,13,9.2,4764,480,10.6,4.1,2026,339,16.9,9.7,1842,224,18.4,7.2,1012,126,5.4,6.6,1238,372,0,37.3
81004,20238,665,14.3,2.3,1169,206,54.1,13.2,2168,352,15.3,6.3,5944,393,13.4,3.1,3534,294,12.1,4.6,3457,279,7.9,3.1,2016,210,8.4,8.1,1950,227,12.7,17.5
81005,24285,888,7.4,1.5,1446,253,21.5,9.7,1627,285,11,5.9,6904,485,8.4,2.4,3845,387,5,2.2,4488,412,4,2.6,2841,304,4.9,4.2,3134,275,3.9,8.1
81006,9508,491,12,2.7,684,146,29.4,15.7,828,178,21,12.2,2279,262,10.2,6.2,1921,213,10.4,4.2,1763,247,10.1,5.4,1160,135,0,12.3,873,131,0,43.3
81007,23291,619,8.7,1.7,1742,224,31.5,13.5,1907,289,15.4,6.8,7335,366,7.4,2.4,4284,337,5.3,1.9,3907,349,7.1,3.1,2760,264,4.9,3.7,1356,204,0,39.3
81008,8204,375,9.4,3,459,133,21.6,16.2,721,211,10.5,9.5,2867,414,10.6,5.1,1335,250,6.9,3.5,1279,225,7.3,6.3,837,133,0,16.4,706,165,0,46.9
81019,1216,306,4.9,6.8,93,102,0,55.1,17,27,0,71.9,337,161,12,14.7,114,90,0,36.7,229,106,0,16.3,343,147,0,46.9,83,59,0,93.8
81020,868,191,14,7.5,75,52,14.3,37,46,28,26.3,36.2,201,80,4.9,5.7,134,63,31.2,25.3,137,55,5.5,9.2,173,58,14.6,22.8,102,43,-,**
81021,7,6,0,100,0,12,-,**,0,12,-,**,5,6,0,100,0,12,-,**,0,12,-,**,2,5,-,**,0,12,-,**
81022,1182,279,6.9,6.7,94,71,40.8,42.5,112,72,0,24.8,243,99,4.9,8.6,226,95,11.2,15.8,137,94,0,24.8,201,120,0,36.3,169,122,0,85.6
81023,981,232,2.6,3.8,61,48,0,100,28,26,0,56,250,127,7.4,11.7,168,79,0,20.3,285,110,0,21.3,110,72,0,71.9,79,39,0,74.1
81024,82,62,19.4,29.4,0,12,-,**,19,26,-,**,9,12,-,**,18,18,0,98.9,30,27,33.3,39.9,0,12,-,**,6,9,0,100
81025,758,132,12.6,9.3,56,32,0,63.2,60,35,7.5,11.4,190,64,15.2,11.3,140,53,22,27.6,90,38,0,45.2,109,49,0,69.9,113,51,0,100
81027,96,41,2,4,0,12,-,**,6,10,0,100,16,12,0,93.8,9,9,11.1,20.4,32,22,0,89.4,22,18,0,76.6,11,9,0,100
81029,227,48,0,25.7,13,10,0,100,18,13,0,79.3,22,15,0,89.4,40,17,0,52.4,39,14,0,60.5,32,12,0,100,63,17,0,74.1
81030,106,39,27.4,16.6,2,4,-,**,3,6,0,100,48,29,35.6,29.7,12,11,20,40.3,31,20,20.8,28.7,5,6,0,100,5,7,-,**
81033,262,129,23.7,22.2,40,46,100,56,3,7,0,100,33,32,27.6,47.3,112,100,2,3.9,25,16,0,100,23,14,44.4,55.6,26,22,-,**
81036,824,95,3.9,3.9,114,59,16.1,24.8,73,47,0,42.8,186,52,5.3,7.7,164,44,1.5,2,94,33,1.3,5,99,37,0,47.5,94,32,0,89.4
81038,407,333,0,64.7,0,12,-,**,0,12,-,**,282,183,0,64.7,64,106,-,**,35,68,-,**,26,52,-,**,0,12,-,**
81039,1365,151,14.9,6.7,60,27,70,45.9,79,54,39.2,16.3,370,67,9.2,7.8,225,80,23.2,19.4,211,49,2.9,3.9,236,59,7,12.3,184,63,0,89.4
81040,344,113,0,24.8,24,39,-,**,0,12,-,**,56,54,0,68,39,39,0,52.4,97,61,0,51.6,128,59,0,56,0,12,-,**
81041,558,123,15.8,9.6,79,43,45.2,36.1,64,40,14.3,12.5,159,57,16.2,15.9,106,45,8.1,10.2,82,42,18.2,16,35,18,0,66.3,33,18,0,100
81043,37,24,0,54.1,0,12,-,**,0,12,-,**,12,14,0,89.4,13,17,0,82.3,9,9,0,100,2,3,0,100,1,2,0,100
81044,226,99,3.4,5.9,12,14,100,100,2,6,0,100,40,36,0,53.3,51,38,4.3,14.1,56,47,0,42.8,29,23,0,100,36,18,0,100
81045,68,22,3.8,6,6,6,0,100,3,4,0,100,16,9,0,76.6,13,9,15.4,24.2,17,15,0,74.1,7,7,-,**,6,5,-,**
81047,1253,153,6.4,3.1,89,47,34.1,36.8,84,56,0,37.3,305,69,2.5,2.5,261,66,6.6,6.7,211,65,8.8,7.1,115,36,3.1,10.1,188,60,0,64.7
81049,275,64,0.6,1.2,36,23,0,69.9,7,11,0,100,51,27,0,42.8,37,17,2.8,5.7,25,18,0,79.3,74,25,0,59.3,45,20,0,100
81050,7724,222,10.5,3.2,691,140,46.4,21.8,646,143,15,11.4,2135,186,10.8,5.4,1357,143,7.5,5.1,1279,168,0.4,0.6,813,115,6.1,8.9,803,104,31.4,32.1
81052,7085,206,10.2,3.1,593,182,23.6,23.6,589,122,21.2,15.3,2172,128,11.4,4,1086,95,3,2.1,1217,93,7.9,6.9,787,65,0,15.6,641,64,0,53.3
81054,4027,303,12.7,4.5,71,39,4.3,14.6,127,123,7.7,28.5,1702,219,9.3,7,743,135,17.5,12.4,624,75,19.2,10.9,434,66,0,41.1,326,39,0,61.8
81055,1259,170,5.7,3.9,51,43,0,71.9,65,45,0,41.5,180,79,13.6,15.7,203,67,9.9,14,316,77,1,1.7,276,69,0,32.9,168,70,0,98.9
81057,297,134,4.6,5.5,27,22,25,69.5,11,15,66.7,59.9,132,110,1.9,4.8,47,33,0,51.6,49,32,0,46.3,5,5,0,100,26,19,0,100
81058,819,147,6.7,5.4,77,45,30,33.9,48,38,15.4,26.2,220,65,7.6,7.1,149,50,0,32.9,133,35,0,38.3,117,40,2.6,8.4,75,27,0,93.8
81059,331,286,13.1,22.3,3,5,-,**,16,31,-,**,190,223,42.1,57.9,52,40,0,66.3,22,20,0,69.9,26,29,-,**,22,16,0,100
81062,1671,299,48.3,18,128,80,54.2,54.2,204,92,73.8,27.1,746,222,59.5,25.1,262,78,6.9,13,217,65,6.3,11.5,89,39,87.5,50.1,25,20,-,**
81063,2082,273,19.9,10.6,108,55,31.3,30.5,201,131,11.5,17.4,736,162,28.6,15,417,91,10.2,9.9,286,79,25.5,26,151,53,0,82.3,183,35,0,100
81064,239,50,0.7,1.5,10,10,-,**,22,18,0,64.7,38,29,0,54.1,61,24,1.9,4.2,40,19,0,53.3,37,20,0,89.4,31,15,0,100
81067,4770,234,12,4.5,352,102,84.7,19.7,305,105,14.7,14.8,1268,211,9.4,5.8,733,110,0.6,1,893,153,6.6,6,674,111,11.1,12.3,545,120,0,36.3
81069,1322,225,2.1,2.4,79,50,0,46.9,7,14,0,100,173,78,0,21.9,177,93,1.8,4.3,461,151,1.3,2,266,101,9.8,14.2,159,78,0,93.8
81071,208,45,0,22,14,11,0,100,2,5,0,100,82,34,0,40,31,13,0,54.1,34,15,0,57.1,27,14,0,93.8,18,14,0,100
81073,1517,87,3.7,2.2,92,31,0,45.8,49,29,8.7,14.5,394,59,5.2,4.3,219,38,4.9,7,279,38,1.7,2.8,225,31,0,31.3,259,43,0,69.9
81076,580,192,25.4,15.2,117,85,16.4,29.7,96,63,63.9,37.1,99,74,19.4,18,82,41,0,45.2,94,48,8.3,10.7,72,57,-,**,20,12,-,**
81077,404,110,7.4,7.3,22,18,0,69.9,63,38,25.6,34.1,111,56,0,26.7,52,40,25,43.8,65,32,4.4,8.1,47,31,0,100,44,30,0,100
81081,36,20,28.6,40.3,0,12,-,**,0,12,-,**,0,12,-,**,1,4,-,**,14,8,28.6,40.3,9,10,-,**,12,15,-,**
81082,9786,244,8.8,2.2,665,94,20.2,16.6,770,88,21.6,9.9,2509,155,5.9,3,1656,87,11,5.6,1901,103,3.4,2.3,1247,74,4.5,4.4,1038,67,0,37.3
81084,98,37,0,37.6,0,12,-,**,7,8,-,**,38,31,0,49.4,8,6,0,100,19,11,0,76.6,17,15,0,100,9,9,-,**
81087,122,42,4.9,9.5,0,12,-,**,8,11,0,100,50,30,8,15.1,18,14,0,89.4,17,17,0,71.9,10,8,-,**,19,17,-,**
81089,3656,202,20.3,7.3,144,77,78.4,28,197,114,14.4,20.4,919,154,21.3,19.3,623,124,25.6,14.4,679,109,13.5,13.8,539,95,7.2,10.2,555,92,0,45.8
81090,874,109,5.1,3.1,58,35,0,47.5,60,26,12.3,16.5,204,74,8.7,9.6,157,42,5.3,5,158,33,0,27.2,110,28,0,40.4,127,45,0,68
81091,695,147,9.9,6.8,32,26,0,100,25,32,0,71.9,158,77,18.4,17,127,45,10.3,10.8,197,74,2.4,4,136,58,9.7,13.5,20,13,0,100
81092,641,117,7.6,5.8,53,32,14.7,22.6,62,52,10.5,21.1,167,47,3.1,4.5,154,52,11.2,11.8,110,40,6.6,10.7,41,19,0,89.4,54,23,0,100
81101,11967,210,11,3.5,1377,441,31,17.3,1805,397,13.1,8.8,3429,162,12.2,7.5,1858,152,4.8,3.6,1700,74,3.6,3.1,1065,79,5.8,9.2,733,63,0,35.4
81120,1607,190,12.9,4.7,65,34,-,**,120,48,65.8,27.4,359,99,4.4,4.4,318,75,2.1,3.1,361,69,20.5,11.9,257,48,0,39.3,127,38,0,85.6
81121,233,67,12.3,11,0,12,-,**,21,20,23.8,36.8,25,23,16,23.7,39,21,0,57.1,95,38,14.9,16.4,41,25,0,93.8,12,15,-,**
81122,6498,528,5.6,2.9,414,118,21.2,22.2,193,108,0,18,2058,255,3.1,2.2,1301,225,5.6,4.5,1461,274,8.7,8.6,697,168,8.6,11,374,120,-,**
81123,864,139,12.2,8.2,89,46,0,46.9,38,30,25.7,32.5,265,102,9.1,8.7,167,51,28.7,26.5,141,51,6.3,10.6,102,31,2.2,7.6,62,28,0,100
81124,86,65,0,39.3,0,12,-,**,25,26,0,59.3,21,25,0,64.7,22,29,0,89.4,5,11,-,**,13,16,-,**,0,12,-,**
81125,2450,199,8.4,3.8,175,73,23.1,22.4,237,68,9.8,14.1,734,102,7.5,7.4,425,86,13,10.9,509,78,3.9,4.5,171,52,0,41.9,199,48,0,82.3
81126,196,113,0,44.2,8,11,0,100,0,12,-,**,23,34,0,61.8,27,30,0,100,64,49,-,**,70,55,0,100,4,6,-,**
81128,80,74,54.5,54.3,0,12,-,**,0,12,-,**,51,72,66.7,54.2,5,7,-,**,18,14,-,**,6,10,0,100,0,12,-,**
81129,157,98,9.4,12.7,0,12,-,**,0,12,-,**,47,65,0,100,19,20,-,**,55,35,0,45.8,15,17,100,100,21,25,-,**
81130,689,96,0.6,1.6,4,4,0,100,11,12,0,100,84,37,0,35.1,103,29,2.5,7,189,54,0,22.8,197,55,0,37.6,101,39,0,93.8
81131,926,139,13.8,8.3,24,18,66.7,48.8,0,12,-,**,263,94,18,16.2,171,58,9.3,12.6,255,77,7.4,11.3,191,59,6.8,9.2,22,15,-,**
81132,2549,241,9.7,3.5,170,94,57.1,56.8,297,92,27,15.5,604,121,8.9,6.1,518,93,3.1,3.2,426,103,4.5,4.5,317,83,2.5,3.8,217,59,25.6,38.6
81133,751,126,11.7,8.4,77,68,0,38.9,29,28,28.6,47.5,63,47,23.9,34.4,145,54,20.5,21.6,226,60,0,24.4,137,48,69.2,52.8,74,22,0,52.4
81136,137,46,6.1,10,15,10,-,**,8,9,50,50,19,12,0,82.3,17,16,0,82.3,42,24,0,54.1,27,25,0,100,9,9,-,**
81137,4508,331,8.1,2.3,331,97,28.9,18,344,113,20.1,15.4,1146,161,7.8,3.6,1060,133,4.6,2.4,908,134,5.7,3,457,81,4.1,5.6,262,68,0,100
81138,42,34,0,58.2,0,12,-,**,0,12,-,**,11,20,0,89.4,7,11,0,100,24,23,0,100,0,12,-,**,0,12,-,**
81140,2041,230,8.3,4,165,46,42.9,27,133,60,9.4,12.1,573,131,5.8,4.8,279,81,5.1,8.3,342,92,2.4,3.7,239,57,0,44.2,310,67,0,44.2
81141,1014,128,9.8,5,122,39,64.7,31.3,101,37,14.1,18.5,271,74,3.7,3.4,168,50,3.4,5.8,155,41,10.3,8.3,105,36,0,82.3,92,34,0,100
81143,598,128,21.3,11.8,68,42,0,68,18,14,100,100,100,43,52.6,26.3,154,57,5.4,9.4,141,47,16.7,19.2,75,32,20,31.1,42,24,-,**
81144,5398,270,7.2,3.4,351,94,3.1,6.9,316,93,10.9,14.8,1641,173,3,2.6,970,116,14.4,8.9,1036,134,7.4,7.3,529,77,0,28.5,555,65,0,68
81146,514,108,3,2.8,48,43,0,58.2,35,26,0,50.1,123,46,6.7,8.4,90,42,4.1,6,136,65,0,32.4,43,22,0,79.3,39,29,-,**
81147,9744,152,8.6,2.6,539,136,15.9,17.1,573,159,17.6,14.9,2298,168,4,2.5,1683,108,9.4,5,2348,79,9.9,5.1,1471,53,9.4,13.7,832,53,0,37
81148,255,66,23,10,29,16,75,44.1,32,24,36.4,30.4,84,31,18.5,18.1,32,17,18.5,20.5,40,20,0,79.3,22,16,0,100,16,15,-,**
81149,814,139,11.4,6.5,47,35,0,57.1,17,15,0,98.9,159,52,8.2,11.7,121,48,14.1,17,260,92,9.4,12.9,169,41,26.2,19.9,41,21,0,100
81151,990,146,5,2.9,38,25,37.5,43.9,67,33,7.5,12.9,342,73,5,4.4,202,62,0,20,167,57,5,6.6,128,52,6.1,9.7,46,25,-,**
81152,1061,145,24.6,13.1,43,53,-,**,56,53,11.8,15.9,251,82,53.1,22,150,55,0,25.3,175,47,0,32.4,203,52,0,82.3,183,20,-,**
81154,1217,208,11,9.5,92,66,17.5,28.3,94,77,57.4,45.5,286,87,1.7,2.6,117,51,0,32.7,235,79,2,5.4,266,79,0,32.9,127,47,0,100
81155,362,114,21.8,18.7,0,12,-,**,52,70,75,8.9,4,5,0,100,82,46,0,41.5,96,47,12.7,19.2,111,47,0,53.3,17,13,0,100
81201,7622,300,5.9,2.2,340,95,0,38.6,373,115,10.8,10.8,2103,249,7.3,3.7,1343,194,7.2,4.6,1531,175,1.8,1.9,992,134,0,17.3,940,135,0,44.2
81210,122,89,0,24.4,0,12,-,**,0,12,-,**,0,12,-,**,97,83,0,27.8,25,32,0,71.9,0,12,-,**,0,12,-,**
81211,6392,419,6.6,4.4,177,88,17.9,29.1,282,97,13.5,14.3,1978,360,4.2,5.2,1065,211,3.4,3.4,1255,187,6.9,8.6,1070,146,14.6,20.7,565,120,0,42.8
81212,25740,680,8,1.8,1024,167,27.6,17.1,1774,246,10.6,7,8395,495,6.2,2.6,4535,235,6.9,3.4,4184,273,7.2,3.5,3148,203,5.1,4.5,2680,168,12.1,19
81220,113,46,0,49.4,0,12,-,**,0,12,-,**,0,12,-,**,0,12,-,**,48,23,0,71.9,51,31,0,68,14,28,-,**
81221,210,63,25.8,22.1,5,5,-,**,2,3,0,100,53,38,36.7,35.8,35,22,16.7,25.8,39,19,10.5,18.2,48,28,20,51.7,28,19,-,**
81222,257,116,2.9,5.6,20,32,-,**,0,12,-,**,110,62,0,27.4,64,76,10.5,27.2,33,41,0,51.6,21,34,0,64.7,9,14,-,**
81223,1340,272,10.4,7.8,39,44,-,**,6,10,-,**,135,96,34.8,38.5,322,106,6.9,8.3,426,135,10.9,10.8,299,79,0,50.9,113,69,0,85.6
81224,2876,314,8,4.1,159,107,4.2,9.4,115,82,16.7,26.3,1577,236,4.4,3.3,270,87,13.4,12.4,486,144,18.1,15.9,195,76,0,41.5,74,51,-,**
81225,763,155,3.6,6.4,21,25,0,100,63,57,34.9,48.2,241,94,0,13.3,243,92,0,13.9,112,53,0,33.2,66,44,0,53.3,17,22,-,**
81226,7861,606,13.7,3.5,351,103,31.1,21.9,370,129,16.2,14.8,3567,539,16.2,9.6,1386,189,9.9,7.3,866,178,8.7,6.6,758,137,6.5,8.5,563,125,0,85.6
81227,12,19,0,85.6,0,12,-,**,0,12,-,**,0,12,-,**,12,19,0,85.6,0,12,-,**,0,12,-,**,0,12,-,**
81230,7823,363,7.4,2.7,596,145,24.5,21,1604,208,14.3,7.9,2416,239,4.5,2.9,1075,155,3.5,2,1198,165,5,4.3,587,99,0,15.7,347,70,0,89.4
81231,567,172,46.7,15.8,496,174,54,16.6,71,48,0,46.3,0,12,-,**,0,12,-,**,0,12,-,**,0,12,-,**,0,12,-,**
81232,5,9,-,**,0,12,-,**,0,12,-,**,0,12,-,**,0,12,-,**,5,9,-,**,0,12,-,**,0,12,-,**
81233,1045,207,14.2,11,0,12,-,**,141,106,0,27.8,157,92,46.9,28.4,99,46,0,30.2,304,107,5.3,8.1,194,92,0,50.9,150,67,0,66.3
81235,652,101,4,3.1,25,23,44.4,19.5,4,6,0,100,106,46,1.2,3.4,130,50,9.9,9.9,190,56,0,23.9,132,32,0,38.3,65,34,0,100
81236,795,169,6,9.5,20,29,0,66.3,23,40,0,61.8,88,79,0,29.9,144,107,21.2,27,168,68,0,34.4,237,83,0,38,115,67,-,**
81237,103,73,53.7,22,0,12,-,**,0,12,-,**,0,12,-,**,60,76,60,8.7,7,11,0,100,22,34,-,**,14,22,-,**
81239,0,12,-,**,0,12,-,**,0,12,-,**,0,12,-,**,0,12,-,**,0,12,-,**,0,12,-,**,0,12,-,**
81240,2954,326,8.5,3.8,164,85,0,37.6,139,95,12.7,22.9,696,184,13.8,9.4,407,130,8.2,7.2,854,136,3.4,3.8,518,114,9.9,12.2,176,66,0,93.8
81241,63,36,0,60.5,2,4,-,**,0,12,-,**,2,4,-,**,22,21,0,71.9,15,16,0,100,12,11,0,100,10,14,-,**
81242,812,183,5.8,4.6,81,43,18.6,36.1,77,53,0,32.9,211,80,0,15.5,136,62,14.2,15.5,131,46,8.8,11.8,83,36,0,63.2,93,50,0,98.9
81243,114,49,6.6,9.8,5,9,0,100,5,9,0,100,15,15,26.7,42.2,33,27,0,71.9,23,14,0,68,31,25,-,**,2,4,-,**
81244,258,67,13.6,17.2,26,26,0,58.2,16,25,93.8,34.2,66,33,4.1,7.6,48,24,0,50.9,37,21,0,100,36,24,100,100,29,20,-,**
81248,79,72,0,35.1,0,12,-,**,0,12,-,**,70,71,0,35.1,0,12,-,**,0,12,-,**,9,13,-,**,0,12,-,**
81251,141,72,11.6,12.3,16,19,0,100,0,12,-,**,27,28,0,57.1,61,44,17.5,21.3,18,23,0,69.9,12,13,100,100,7,11,-,**
81252,3265,178,14.5,6.5,180,79,33.3,42.5,132,53,17.1,17.7,467,114,0.3,1.2,483,116,25.2,13.9,1013,195,15.8,13.4,714,123,3.3,5.4,276,92,0,100
81253,498,152,0,15.7,13,18,-,**,0,12,-,**,65,65,0,36.7,58,63,0,82.3,140,86,0,28.3,33,28,0,74.1,189,127,-,**
81301,24580,707,5.5,1.4,2076,193,18.6,8.6,2643,318,9.1,5.1,8423,359,3.2,1.5,3645,235,6.1,3.9,4077,301,4.1,2.5,2216,207,6.8,7.7,1500,146,0,33.2
81303,6278,514,8.1,2.7,286,107,22.1,15.5,540,216,24.5,15.9,1983,330,6.4,4,1212,166,5.6,3.8,1226,168,4.9,3.7,709,132,0,12.5,322,93,0,79.3
81320,169,63,0,38.9,0,12,-,**,0,12,-,**,5,6,0,100,16,15,0,100,67,38,0,44.2,62,34,0,100,19,12,-,**
81321,11223,398,10.4,2.8,852,183,31.4,21.9,667,124,16.4,13.6,3192,272,7.3,3.8,1959,239,7.9,4.2,2004,194,10,6.4,1293,162,9.9,10.6,1256,130,30.8,56.4
81323,3964,392,8.4,3.6,177,102,0,22.8,281,112,20.1,19.8,1162,228,5.2,4.7,660,181,13.8,9.3,860,177,0,6.3,554,115,33.9,26.3,270,86,0,74.1
81324,941,115,11,6.1,19,19,-,**,31,24,41.4,47.2,264,84,10.2,10.2,150,58,7.5,10.6,195,72,11.8,10.7,158,45,0,59.4,124,52,0,90.1
81325,144,60,7.7,11.9,7,12,100,100,6,9,0,100,42,43,0,52.4,23,26,0,76.6,61,28,0,53.3,0,12,-,**,5,7,-,**
81326,1677,176,3.5,2,141,51,16.9,17.9,63,34,12.8,14.7,370,71,3.2,3.1,382,86,0,11.4,441,88,3.7,2.8,204,64,0,38.6,76,38,0,100
81327,601,186,7.6,11.6,45,45,100,69.9,0,12,-,**,109,97,0,44.2,97,64,0,38.6,206,131,0,25.9,63,46,0,100,81,49,-,**
81328,3473,337,8.2,3.3,97,64,0,76.6,178,77,3.7,7.6,886,192,9.7,6,521,122,7,5.4,882,159,11,7.5,620,132,0,16.9,289,97,0,100
81330,50,57,0,59.3,0,12,-,**,0,12,-,**,25,41,-,**,25,21,0,59.3,0,12,-,**,0,12,-,**,0,12,-,**
81331,299,124,10.7,16.9,0,12,-,**,0,12,-,**,41,44,0,58.2,61,47,0,50.9,117,94,27,42.1,80,107,0,49.4,0,12,-,**
81332,154,48,8.6,8.4,12,13,0,100,11,10,0,100,41,22,0,47.5,23,16,26.1,22.8,30,21,12.5,20.5,24,15,-,**,13,9,-,**
81334,929,175,6.4,3.9,132,53,0,64.7,96,62,36.4,37.7,279,79,8.1,6.2,231,55,0,16.7,106,69,1.8,7.4,74,35,0,74.1,11,11,-,**
81335,94,102,21.3,39,0,12,-,**,0,12,-,**,20,30,100,66.3,13,20,0,82.3,61,96,0,38,0,12,-,**,0,12,-,**
81401,17968,498,10.9,2.6,891,217,32.7,18.3,1093,153,24.9,10.6,5027,304,10.5,4.2,3154,258,4.7,3,3127,265,6.8,3.4,2513,225,14,10,2163,212,0,30.2
81403,8908,447,9,2.6,692,214,13,15.5,519,133,14,9.9,2030,249,10,5.1,1556,262,5,3.2,1866,212,10,4.7,1460,206,9.2,9.3,785,174,0,69.9
81410,1311,232,2,2.6,47,48,0,66.3,0,12,-,**,208,114,0,18.7,236,91,2.8,5.1,321,137,4.1,7.3,209,86,0,35.7,290,93,0,100
81411,14,10,-,**,0,12,-,**,0,12,-,**,0,12,-,**,0,12,-,**,0,12,-,**,14,10,-,**,0,12,-,**
81413,4142,294,12.9,4.8,171,63,32.3,36.2,192,91,20.5,16.7,870,140,13.3,8.2,614,140,8.1,6.4,841,154,11,8.9,860,151,14.6,12.1,594,115,0,100
81415,1179,270,6.5,4.8,68,49,39.4,54.2,23,20,33.3,57.4,308,139,2.7,3.9,259,126,1,2.5,228,112,13.2,17.8,143,68,0,89.4,150,121,-,**
81416,10927,378,11.9,3.5,744,165,16.5,12.2,662,206,47.9,17,3277,259,9,4.8,1774,230,12.9,8,1891,243,4.3,3.2,1398,206,4,6.6,1181,183,0,35.4
81418,1478,202,15.2,8,125,79,-,**,58,45,25,34.4,192,89,4.6,7.2,315,90,20.7,13.4,262,106,12.8,18.5,305,110,16.5,24.6,221,80,-,**
81419,3182,344,17.4,5.8,181,76,64.6,24.1,191,100,0,25,767,198,14.3,8,491,134,21.2,13.2,676,156,14.2,11.4,535,136,19.4,18.2,341,115,0,42.8
81422,501,107,11.2,6.5,48,30,0,48.8,31,20,40.9,34.3,110,48,3.8,6.4,101,54,15.2,12.8,75,41,6.1,9.6,89,40,16.1,23.2,47,20,-,**
81423,1222,165,2.2,2.1,6,7,-,**,31,26,0,53.3,369,96,4,4.4,267,82,0,14.1,311,89,2.7,4.2,181,59,0,41.9,57,44,0,100
81424,941,154,17.3,9,53,42,92,31.1,59,38,61.8,32.1,175,65,14.7,12,200,57,10,8.8,267,74,0,17.1,108,38,23.8,35.7,79,29,-,**
81425,3856,359,8.1,3.2,372,154,6.7,18.3,122,71,4.6,7.7,1335,233,10.3,5.5,645,141,6.5,6.7,607,164,3.5,4.4,490,115,1.9,3,285,102,35.1,36.9
81426,78,25,5.6,8.1,0,12,-,**,2,4,0,100,40,17,0,48.8,19,15,0,68,12,12,33.3,51.2,4,4,0,100,1,4,-,**
81427,804,147,5.6,3.9,46,44,30.8,42.3,46,43,0,43.7,140,69,0,22.2,181,67,4.8,7.2,156,50,10.5,11.2,188,62,4.4,6.1,47,33,-,**
81428,3127,253,9.8,6,239,74,19.6,31.7,189,99,46.7,41.9,727,171,8.9,7.7,625,155,7.6,7.9,633,120,4.6,5.1,438,101,0,17,276,88,0,100
81429,82,35,0,42.4,0,12,-,**,0,12,-,**,8,10,0,100,0,12,-,**,41,32,0,48.8,28,27,0,100,5,7,0,100
81430,525,209,0.2,1,32,51,-,**,7,12,0,100,140,92,0.8,3.4,145,79,0,19.9,133,83,0,27.4,68,53,0,52.4,0,12,-,**
81431,381,104,0,10.5,28,23,0,89.4,15,22,0,76.6,110,68,0,25.9,75,49,0,38.6,104,50,0,28.7,20,14,0,100,29,21,-,**
81432,2410,200,11.6,5.9,163,73,43.3,44.7,52,37,30.8,33.1,551,73,10,7.2,467,112,15,15.1,583,111,3.5,2.4,439,77,5.9,5.6,155,49,-,**
81433,562,103,19.4,8.8,10,11,100,100,58,53,27.7,50.5,182,62,11.1,9.4,112,45,20.9,20,111,47,31.5,26.5,68,27,14.6,24.4,21,15,0,89.4
81434,143,80,3.9,6.9,54,53,0,98.9,0,12,-,**,8,12,0,100,37,34,0,48.8,39,24,13.6,18.5,5,8,-,**,0,12,-,**
81435,4343,226,7.2,2.3,139,53,0,26.3,347,54,14.2,11.4,1930,151,6.9,3.7,794,105,9.9,7.1,777,129,1.9,2.3,262,76,4.7,7.8,94,63,-,**
81501,19883,805,11.7,2,2385,401,22.1,7,3275,446,13.4,5.1,6259,476,7.9,2.5,3068,408,16,5.5,2028,257,7.7,5,1500,202,6.4,5.2,1368,213,23.5,23
81503,11622,455,11.4,2.7,648,240,29.7,22.6,1018,301,12.4,10.2,3471,369,10.9,5.1,1980,293,8.4,4.5,2294,303,10.8,6,1151,177,12.8,11.3,1060,157,0,27.8
81504,22792,638,8.9,2,1058,215,16.5,12.6,2125,441,9.4,7.3,8362,619,10.9,3.4,3482,422,4.1,2.5,3747,343,6.7,4.3,2206,265,7.2,6.5,1812,240,0,38.3
81505,7337,595,5.6,2.1,396,146,24,19.7,617,224,11.9,8.6,2012,371,4.4,3.5,1236,259,2.7,3.2,1363,220,6.4,5.2,1061,229,0,9,652,173,0,40.4
81506,9115,447,5.3,2,277,107,30.9,39.5,637,242,1.9,3.2,2115,305,7.5,5.1,1281,214,5.5,4.5,1638,306,3.3,2.8,1285,204,3,4.9,1882,225,0,25.2
81507,12567,517,6.3,2.4,786,195,20.6,16.7,446,168,35.3,23.6,3091,358,4.9,3.3,2008,282,6.4,4.6,2897,316,2.4,2.2,2007,215,0,6.1,1332,226,0,40
81520,10170,640,16.1,4,619,215,35.2,22.2,950,299,24.7,11.5,3836,436,16.8,5.9,1628,326,12.9,7.9,1547,302,9.2,6.8,982,176,4.6,9.3,608,147,0,63.2
81521,11603,541,8.1,2.4,1013,270,34.3,17.7,765,286,14.8,17.2,3925,401,5.2,3.6,2139,329,4.9,4.4,1760,308,6.6,6.2,1018,254,9.6,15.4,983,216,0,52.4
81522,25,41,-,**,0,12,-,**,0,12,-,**,0,12,-,**,0,12,-,**,13,21,-,**,12,20,-,**,0,12,-,**
81523,997,257,8.7,9.7,12,20,-,**,30,25,0,54.1,132,90,0,38.6,257,194,0,13.5,331,173,6,9.3,221,128,46.7,51.8,14,23,-,**
81524,1655,393,5.7,4.7,228,102,14,26.8,50,64,0,41.9,444,252,5.5,9.6,345,143,3.7,6.3,379,149,4.5,8.3,131,107,0,64.7,78,58,-,**
81525,724,237,9.4,12.9,51,50,-,**,12,21,-,**,395,199,13.4,17.9,104,60,0,26.3,70,64,0,42.8,23,36,-,**,69,77,-,**
81526,4453,302,4.9,2.3,217,71,0,38.3,182,69,5.9,9.4,1078,181,5.7,3.2,1116,226,5,5.8,934,187,4.3,3.7,472,92,4,6.9,454,118,0,66.3
81527,1542,265,5.3,3.5,31,29,-,**,58,61,0,38.9,385,141,0,10,354,156,4.5,7.4,270,117,18.8,14,311,154,0,38,133,112,0,85.6
81601,13084,703,6.1,1.9,826,186,19.2,12.5,1447,308,4.9,4.9,4688,478,6.2,2.9,2387,323,5.1,3.1,2258,354,5.9,4.5,813,183,3.7,5.6,665,170,0,42.8
81610,314,92,13.3,10,6,9,0,100,31,31,30.4,28.9,101,42,15.9,16,47,29,5.1,14.7,56,29,11.8,19.9,38,25,0,100,35,21,0,100
81611,8406,410,7,2.5,315,93,9.9,14.8,332,152,28.6,30.8,3039,328,5.8,4,1667,258,6.1,4.1,1493,246,3.1,3.2,1026,183,22.6,22.8,534,141,0,23.1
81612,0,12,-,**,0,12,-,**,0,12,-,**,0,12,-,**,0,12,-,**,0,12,-,**,0,12,-,**,0,12,-,**
81615,2424,244,4.9,7,89,87,0,64.7,124,99,0,22.8,1174,264,7.8,10.4,376,187,0,11.2,378,193,0,15.7,283,160,0,32.7,0,12,-,**
81620,8609,582,4,2.7,527,201,15.5,21.1,1104,409,6.9,6.5,4414,574,3.5,4.1,1235,356,1.7,2.6,868,269,3.9,6.3,346,169,0,13.2,115,87,-,**
81621,5594,775,11.8,5.2,405,182,19.5,31.9,538,298,20,24.6,1861,463,7.7,5.7,1120,259,10.9,8.1,1001,282,4.9,4.7,493,174,6,9.3,176,126,90.8,18.9
81623,11161,681,7.2,2.4,862,232,20.2,14,372,137,0.6,1.1,4371,488,5.9,3,1998,388,5.7,5.4,2185,337,8.8,4.9,910,169,8.3,9.9,463,162,25,37.1
81624,1212,185,6.6,3.3,142,179,2.4,20.5,137,82,4.6,7.4,304,89,0,11.9,159,57,15.3,13.3,221,60,10.4,8.1,163,51,23.3,31.5,86,52,0,85.6
81625,9572,150,5.4,1.6,720,138,20.7,18.3,769,142,7,7.3,3100,150,5.8,2.6,1866,111,4.4,2.8,1695,86,2.4,1.9,876,47,2.1,2.9,546,50,0,60.5
81630,589,82,13.2,4.6,45,33,53.3,53.3,39,28,20.5,20.7,129,37,22.5,11.7,152,48,2.7,3.5,106,43,2.6,4.2,54,23,18.2,30.7,64,22,-,**
81631,6075,565,5.3,3.6,239,121,0,43.7,104,78,30.8,42.7,2910,494,2.6,4,1005,298,8,8.8,1196,293,8.7,10.2,375,179,0,11.1,246,130,-,**
81632,7310,775,1.7,1.5,481,192,0,22,492,230,0,7.7,3275,563,0.9,1.6,1405,390,1.7,2.7,859,200,2,3,634,149,15.1,17.1,164,134,0,74.1
81633,0,12,-,**,0,12,-,**,0,12,-,**,0,12,-,**,0,12,-,**,0,12,-,**,0,12,-,**,0,12,-,**
81635,4968,494,5.7,2.6,486,174,25.9,25.5,210,124,0,14.4,1569,313,6.1,4.2,857,241,4.5,4.7,808,249,2.5,3.3,525,178,10.1,15.5,513,168,0,54.1
81637,5934,420,8,3.6,558,216,58.3,33.1,275,126,9.9,13.4,2710,394,6.2,5.1,1178,277,1.6,1.9,865,272,6.9,10.1,212,119,0,35.7,136,83,0,85.6
81638,189,88,0,20,0,12,-,**,3,6,0,100,50,40,0,41.9,14,17,0,79.3,94,75,0,38,13,14,0,100,15,21,0,98.9
81639,1826,189,4.1,3.2,131,55,9.4,13.5,72,62,0,36,614,129,3.1,3.1,428,107,3.5,5.3,355,84,0,12,146,66,0,50.1,80,37,100,66.3
81640,128,65,5.4,10.6,0,12,-,**,6,11,0,100,47,46,10.6,26.9,20,19,0,85.6,30,21,0,71.9,0,12,-,**,25,22,0,93.8
81641,2787,343,4.2,2.5,79,43,36.8,34.8,119,94,7.2,10.1,929,135,1.9,2.9,604,94,0,5.8,544,88,13.3,10,287,70,0,22.5,225,60,0,48.8
81642,121,91,0,33.5,0,12,-,**,20,27,-,**,0,12,-,**,24,26,0,60.5,17,27,0,71.9,60,49,0,50.9,0,12,-,**
81643,699,149,7.2,7.2,81,51,0,44.2,41,32,0,57.1,97,50,0,31,154,50,0,23.4,158,68,15.7,21,101,59,39.4,22.8,67,39,-,**
81645,999,228,3.3,2.2,7,8,-,**,88,57,11.9,13.5,422,125,3.4,3.6,279,141,1.3,2.7,83,44,0,38.6,109,75,0,48.1,11,11,-,**
81646,152,61,0,25.3,0,12,-,**,0,12,-,**,31,33,0,59.3,35,29,0,50.1,27,41,0,57.1,27,32,-,**,32,28,0,63.2
81647,5090,635,8.3,4,293,181,76.3,41.6,330,195,17.2,25.4,2033,303,6.3,5.5,1199,280,8.6,6.9,716,230,2.9,5.3,431,163,0,20.2,88,63,0,85.6
81648,2031,217,3,1.6,261,80,5.5,12.2,175,102,0,28.3,639,96,1.7,1.9,399,82,2.8,3.3,280,69,6.5,7.3,143,52,12.5,18.9,134,53,0,74.1
81649,227,70,1.6,2.7,8,10,-,**,17,14,0,93.8,108,41,3.1,5.5,49,30,0,42.4,25,14,0,61.8,12,9,0,93.8,8,11,0,100
81650,9791,779,8.9,2.8,647,212,42.4,20.3,971,387,20.4,15.4,4103,441,5.4,3.8,1717,292,6,5.1,1166,296,1.4,2.3,820,205,6.7,9.9,367,127,0,33.2
81652,3415,338,9.4,4,322,111,43.3,32.1,161,91,25.7,21,1191,182,5.3,4.6,598,148,6.7,5.6,777,246,6.1,4.8,225,75,22.5,32,141,64,0,79.3
81653,31,27,0,61.8,0,12,-,**,0,12,-,**,31,27,0,61.8,0,12,-,**,0,12,-,**,0,12,-,**,0,12,-,**
81654,936,295,3.5,4.6,21,30,-,**,29,43,61.9,61.9,367,192,0,9.1,161,89,0,20.7,266,132,2.8,4.6,79,61,21.2,36.7,13,14,-,**
81655,29,44,0,55.1,0,12,-,**,0,12,-,**,29,44,0,55.1,0,12,-,**,0,12,-,**,0,12,-,**,0,12,-,**
81656,323,220,0,12.3,20,30,-,**,0,12,-,**,131,163,0,23.6,70,51,0,41.5,58,58,0,38.9,28,22,0,89.4,16,25,0,100
81657,5279,301,5.8,5.4,130,119,0,56,505,217,2.1,3.7,2175,353,9.1,10.6,808,267,4.5,5.2,992,270,2.7,4.2,456,158,0,13.8,213,94,0,40.4
82063,21,21,0,95,0,11,-,**,0,11,-,**,0,11,-,**,0,11,-,**,9,15,0,95,3,5,-,**,9,11,-,**
84035,442,269,0,12.8,0,11,-,**,86,93,0,52.9,213,121,0,23.2,71,81,0,38.8,48,51,0,58.2,24,39,-,**,0,11,-,**
84078,19480,435,4.2,1.3,1619,162,10.5,6.5,1921,166,6.9,4.2,7862,269,3.2,1.5,2985,204,3,2.8,2558,118,4.3,4.3,1375,97,3,3.7,1160,69,0,42
