City,County,Zipcode,Total Population 2014,Total Population 2014 Margin of Error,Total Unemployment 2014,Total Unemployment 2014 margin of Error,Age Group 16-19 2014,Age Group 16-19 2014 Margin of Error,Age Group 16-19 2014 Unemployment,Age Group 16-19 2014 Unemployment Margin of Error,Age Group 20-24 2014,Age Group 20-24 2014 Margin of Error,Age Group 20-24 2014 Unemployment,Age Group 20-24 2014 Unemployment Margin of Error,Age Group 25-44 2014,Age Group 25-44 2014 Margin of Error,Age Group 25-44 2014 Unemployment,Age Group 25-44 2014 Unemployment Margin of Error,Age Group 45-54 2014,Age Group 45-54 2014 Margin of Error,Age Group 45-54 2014 Unemployment,Age Group 45-54 2014 Unemployment Margin of Error,Age Group 55-64 2014,Age Group 55-64 2014 Margin of Error,Age Group 55-64 2014 Unemployment,Age Group 55-64 2014 Unemployment Margin of Error,Age Group 65-74 2014,Age Group 65-74 2014 Margin of Error,Age Group 65-74 2014 Unemployment,Age Group 65-74 2014 Unemployment Margin of Error,Age Group 75+ 2014,Age Group 75+ 2014 Margin of Error,Age Group 75+ 2014 Unemployment,Age Group 75+ 2014 Unemployment Margin of Error
Arvada,Jefferson,80001,,,,,,,,,,,,,,,,,,,,,,,,,,,,,,,,
Arvada,Jefferson,80002,14842.0,617.0,5.7,1.2,818.0,295.0,21.5,11.8,1345.0,304.0,9.9,6.4,5160.0,453.0,3.9,1.5,2993.0,331.0,5.3,2.6,2352.0,278.0,5.9,3.1,1376.0,195.0,5.9,9.5,798.0,157.0,0,24.4
Arvada,Jefferson,80003,28363.0,688.0,9.7,1.5,1968.0,344.0,28.1,9.1,2320.0,449.0,10.7,5.1,9921.0,582.0,8.7,2.2,5290.0,393.0,7.4,2.9,4422.0,455.0,9.8,3.3,2696.0,311.0,3.6,3.5,1746.0,202.0,4.7,12.3
Arvada,Jefferson,80004,29705.0,763.0,7,1,1699.0,254.0,22.5,8.5,2256.0,368.0,11.9,5,8776.0,476.0,5.3,1.7,5580.0,333.0,5.1,1.8,5161.0,343.0,6.8,2.6,2836.0,257.0,7.3,3.5,3397.0,303.0,0,20.9
Arvada,Jefferson,80005,21879.0,607.0,4.8,1,1474.0,243.0,15.6,7.3,1434.0,206.0,7.3,4.4,6483.0,400.0,4,1.9,4611.0,357.0,4.9,2.6,4002.0,314.0,3.6,1.4,2438.0,159.0,3.1,3.2,1437.0,179.0,8.6,13.4
Arvada,Jefferson,80006,,,,,,,,,,,,,,,,,,,,,,,,,,,,,,,,
Arvada,Jefferson,80007,5536.0,256.0,5.3,1.7,419.0,115.0,15.4,13,280.0,111.0,18.3,17.2,1257.0,94.0,1.6,1.6,1365.0,148.0,1.5,1.4,1198.0,189.0,7.1,4.2,712.0,107.0,6,6.2,305.0,88.0,42.9,29.5
Aurora,Arapahoe,80010,30762.0,1014.0,13.6,1.8,2545.0,316.0,24.5,9.2,3536.0,437.0,19.1,4.8,14011.0,679.0,12,2.3,4648.0,354.0,12.3,3.7,3345.0,361.0,10.5,3.7,1377.0,196.0,13.1,7.9,1300.0,198.0,17.8,24.4
Aurora,Adams,80011,34721.0,1093.0,13.7,1.5,2882.0,416.0,38.9,11.9,3974.0,459.0,13.9,3.9,13747.0,704.0,12.2,2.3,5462.0,507.0,13,3.4,4391.0,445.0,9.4,3.4,2435.0,234.0,15.3,9.7,1830.0,238.0,15.8,15.2
Aurora,Arapahoe,80012,36900.0,1039.0,11.9,1.3,2285.0,353.0,48.3,10.4,3690.0,499.0,16.6,5.3,14310.0,720.0,9.9,2,5816.0,482.0,7.8,2.7,5680.0,419.0,9.7,3.6,2773.0,275.0,8.2,5.1,2346.0,236.0,0,21.5
Aurora,Arapahoe,80013,54395.0,1078.0,8.5,0.9,3828.0,443.0,29.8,8.7,4315.0,474.0,13,4.2,22448.0,658.0,7.2,1.2,10489.0,606.0,6.2,1.8,8590.0,625.0,7.1,1.9,3364.0,267.0,9.1,5.4,1361.0,210.0,0,30.7
Aurora,Arapahoe,80014,31373.0,879.0,9.2,1.4,1437.0,267.0,38.7,13.9,2177.0,347.0,13.6,6.5,10116.0,705.0,7.9,2.3,4723.0,466.0,6.7,2.5,5158.0,446.0,9.3,2.7,3779.0,362.0,5.1,3.5,3983.0,370.0,3.1,4.9
Aurora,Arapahoe,80015,48787.0,910.0,7,0.9,4074.0,352.0,32.5,7.3,3155.0,404.0,12.1,4.1,19093.0,636.0,5.8,1.2,10283.0,497.0,4.3,1.5,7967.0,547.0,5.1,1.9,2873.0,247.0,5.7,3.5,1342.0,211.0,0,26.7
Aurora,Arapahoe,80016,34062.0,753.0,4.4,0.9,2685.0,356.0,18.2,8.4,2378.0,331.0,7.4,3.9,12804.0,497.0,3.6,1.2,7095.0,464.0,3.3,1.6,4401.0,402.0,3.4,1.8,3482.0,342.0,3.6,3.4,1217.0,176.0,0,25.7
Aurora,Arapahoe,80017,25316.0,825.0,11.1,1.6,1779.0,313.0,43.9,17.9,2595.0,426.0,18.3,7,10918.0,634.0,9.1,1.9,4157.0,454.0,8.7,3.9,3701.0,447.0,8.9,3.2,1646.0,227.0,5,5.6,520.0,184.0,0,42.8
Aurora,Arapahoe,80018,7392.0,557.0,7,3.2,313.0,126.0,9.3,20.4,414.0,135.0,26.8,19.9,3345.0,420.0,5.6,4.7,1533.0,279.0,7.3,6.3,1093.0,214.0,4.8,4.4,510.0,143.0,0,15,184.0,116.0,-,**
Aurora,Adams,80019,1740.0,387.0,6.8,4.6,283.0,167.0,0,32.7,99.0,83.0,17.2,18.4,665.0,178.0,9.7,9.8,384.0,166.0,0,8.1,153.0,95.0,12.4,21.2,82.0,73.0,0,40.4,74.0,54.0,0,85.6
Broomfield,Broomfield,80020,37995.0,654.0,6.5,1.1,2442.0,254.0,16.5,7,3135.0,251.0,12.6,5.2,14241.0,393.0,5.8,1.6,7575.0,360.0,3.2,1.3,6122.0,321.0,6.8,2.4,2677.0,233.0,13,7.5,1803.0,180.0,11,16.5
Broomfield,Jefferson,80021,25196.0,600.0,6.9,1.2,1690.0,268.0,16.3,9.6,2690.0,395.0,5.9,3.1,9606.0,442.0,7.2,1.9,4943.0,328.0,5.9,2.4,3098.0,266.0,5.6,2.6,1806.0,187.0,5.6,4.6,1363.0,247.0,0,30.2
Commerce City,Adams,80022,31916.0,725.0,8.9,1.6,2593.0,382.0,31.5,8.8,2367.0,404.0,20.7,6.9,13749.0,567.0,5.3,2.1,5163.0,484.0,9.2,3.2,4540.0,401.0,6.7,3.1,2235.0,275.0,3.7,3.9,1269.0,190.0,0,55.1
Dupont,Adams,80024,415.0,273.0,33.4,24,20.0,30.0,50,10.8,59.0,80.0,100,38.6,221.0,138.0,0,16.3,47.0,59.0,100,43.3,59.0,69.0,0,47.5,9.0,13.0,-,**,0.0,12.0,-,**
Eldorado Springs,Boulder,80025,187.0,104.0,0,17.9,12.0,18.0,0,85.6,0.0,12.0,-,**,1.0,2.0,-,**,100.0,108.0,0,27.2,13.0,19.0,0,82.3,39.0,31.0,0,71.9,22.0,38.0,0,63.2
Lafayette,Boulder,80026,21918.0,509.0,7.5,1.7,1300.0,267.0,17.8,16.5,1643.0,322.0,13.5,6.5,7968.0,474.0,4.3,1.7,4147.0,366.0,9.7,4,4030.0,314.0,9.4,3.5,1646.0,227.0,3.4,3.4,1184.0,234.0,0,20.7
Louisville,Boulder,80027,24806.0,316.0,4.4,0.9,1611.0,225.0,15.7,10,1738.0,319.0,3.5,3,8825.0,407.0,2.2,1.1,5681.0,369.0,5.2,1.9,4390.0,341.0,6.7,2.5,1396.0,207.0,5.9,5.7,1165.0,228.0,0,69.9
Louisville,Boulder,80028,,,,,,,,,,,,,,,,,,,,,,,,,,,,,,,,
Westminster,Adams,80030,12465.0,755.0,13.3,2.9,711.0,195.0,46.8,18,924.0,247.0,18.9,10.2,5081.0,479.0,9,3.2,2315.0,321.0,15.9,6.3,1710.0,202.0,12,5.4,851.0,136.0,0,17.4,873.0,159.0,0,93.8
Westminster,Adams,80031,27591.0,762.0,8.6,1.6,1532.0,267.0,29.1,9.7,2174.0,400.0,17,7.5,10819.0,585.0,7.7,2.2,4488.0,371.0,4.7,2.3,4267.0,376.0,3,1.6,2665.0,249.0,20.6,9.4,1646.0,216.0,17.2,14.5
Wheat Ridge,Jefferson,80033,20721.0,607.0,8.9,1.9,1050.0,223.0,29,17.3,1227.0,343.0,22.6,12,6795.0,534.0,6.5,2.4,3469.0,368.0,6.6,3.1,3410.0,360.0,9.9,3.2,2059.0,248.0,7.3,7.2,2711.0,345.0,0,20.2
Wheat Ridge,Jefferson,80034,,,,,,,,,,,,,,,,,,,,,,,,,,,,,,,,
Westminster,Adams,80035,,,,,,,,,,,,,,,,,,,,,,,,,,,,,,,,
Westminster,Adams,80036,,,,,,,,,,,,,,,,,,,,,,,,,,,,,,,,
Commerce City,Adams,80037,,,,,,,,,,,,,,,,,,,,,,,,,,,,,,,,
Broomfield,Broomfield,80038,,,,,,,,,,,,,,,,,,,,,,,,,,,,,,,,
Aurora,Adams,80040,,,,,,,,,,,,,,,,,,,,,,,,,,,,,,,,
Aurora,Arapahoe,80041,,,,,,,,,,,,,,,,,,,,,,,,,,,,,,,,
Aurora,Adams,80042,,,,,,,,,,,,,,,,,,,,,,,,,,,,,,,,
Aurora,Arapahoe,80044,,,,,,,,,,,,,,,,,,,,,,,,,,,,,,,,
Aurora,Adams,80045,602.0,117.0,3.7,5.8,0.0,12.0,-,**,162.0,102.0,0,39.6,329.0,121.0,0,12.1,29.0,22.0,0,71.9,45.0,31.0,31.1,44.3,37.0,62.0,0,85.6,0.0,12.0,-,**
Aurora,Arapahoe,80046,,,,,,,,,,,,,,,,,,,,,,,,,,,,,,,,
Aurora,Arapahoe,80047,,,,,,,,,,,,,,,,,,,,,,,,,,,,,,,,
Agate,Elbert,80101,260.0,68.0,2.3,3.6,10.0,14.0,-,**,3.0,5.0,-,**,96.0,46.0,0,31.5,17.0,15.0,0,100,73.0,34.0,7.9,11.9,38.0,19.0,-,**,23.0,20.0,0,100
Bennett,Adams,80102,4128.0,384.0,10.5,3.2,346.0,127.0,31.6,22.3,192.0,82.0,33.6,27.8,1325.0,230.0,9.5,4.6,994.0,187.0,8.1,4.3,854.0,178.0,5,4.8,255.0,79.0,10.6,16.2,162.0,60.0,0,71.9
Byers,Arapahoe,80103,2068.0,271.0,5.9,3.4,76.0,37.0,100,100,115.0,64.0,0,27.2,609.0,160.0,5.7,8.4,498.0,136.0,11.4,7.2,412.0,133.0,1.6,2.3,266.0,64.0,3.7,6.3,92.0,60.0,0,93.8
Castle Rock,Douglas,80104,21212.0,679.0,5.7,1.2,1472.0,259.0,10.5,7.5,1338.0,336.0,6.6,5.2,8119.0,516.0,5.3,2.2,4775.0,372.0,4,2.7,2973.0,327.0,7.3,3.6,1702.0,207.0,5.8,5.2,833.0,171.0,36.9,31.1
Deer Trail,Arapahoe,80105,907.0,144.0,9.3,4.3,23.0,19.0,0,100,20.0,15.0,0,71.9,286.0,90.0,7,6.1,144.0,47.0,16,10.9,238.0,65.0,12.3,9,121.0,42.0,0,40.4,75.0,34.0,0,100
Elbert,El Paso,80106,3453.0,422.0,6.5,3.4,387.0,131.0,9.9,14,181.0,92.0,7,10.7,820.0,196.0,3.5,4.4,892.0,225.0,7.3,6.1,776.0,163.0,8.6,7.9,282.0,104.0,2.7,6.2,115.0,57.0,0,100
Elizabeth,Elbert,80107,9674.0,475.0,7.6,2.4,815.0,217.0,36.4,22.7,455.0,136.0,7.5,11.5,2361.0,242.0,5.7,3.6,2443.0,234.0,4.8,2.7,2283.0,195.0,8.7,4.5,941.0,127.0,0,10.3,376.0,64.0,0,76.6
Castle Rock,Douglas,80108,17518.0,677.0,6.1,1.6,1459.0,282.0,19.8,12,710.0,194.0,5.5,6.1,5582.0,453.0,3.4,1.9,3976.0,448.0,7.2,3.7,3106.0,386.0,4.1,2.7,1990.0,206.0,8.9,6.6,695.0,185.0,0,33.8
Castle Rock,Douglas,80109,13545.0,502.0,4.4,2,885.0,263.0,21.7,18.7,890.0,340.0,18.7,18.9,5839.0,347.0,1.4,1.1,2567.0,307.0,5,4.1,2007.0,401.0,2.9,3.3,794.0,131.0,0,15.4,563.0,184.0,-,**
Englewood,Arapahoe,80110,17247.0,653.0,9.6,2.5,882.0,195.0,36.9,22.2,1750.0,260.0,13.6,5.8,6770.0,464.0,7.7,2.9,2872.0,368.0,10.9,3.7,2576.0,332.0,6.9,3.4,1197.0,225.0,3.3,4,1200.0,142.0,0,34.1
Englewood,Arapahoe,80111,23810.0,678.0,4.2,0.8,1755.0,234.0,9.8,6.3,1302.0,336.0,7.8,4.2,7910.0,450.0,4,1.4,5006.0,369.0,3.5,1.5,4516.0,400.0,3.8,1.9,2068.0,230.0,2.7,2.9,1253.0,242.0,4.5,6.8
Englewood,Arapahoe,80112,24470.0,753.0,4.9,1.4,1538.0,336.0,39.9,17.6,2137.0,349.0,8,4.8,9471.0,624.0,2.9,1.6,4204.0,335.0,4.2,2.2,3761.0,303.0,4.3,2.2,2222.0,288.0,0.9,1.4,1137.0,202.0,0,23.1
Englewood,Arapahoe,80113,17433.0,563.0,7.9,1.7,826.0,189.0,9.7,9.6,1291.0,248.0,13.4,7.9,6030.0,396.0,6.9,2.1,3414.0,319.0,7.4,3.2,2914.0,285.0,8,3.6,1518.0,208.0,7.4,7.1,1440.0,226.0,14.3,15.5
Franktown,Douglas,80116,3268.0,369.0,3.9,2.5,281.0,124.0,0,34.1,97.0,67.0,0,27.8,449.0,136.0,6.7,7.1,814.0,155.0,1.6,2.7,889.0,194.0,6.9,6.3,578.0,198.0,0,15.7,160.0,74.0,0,89.4
Kiowa,Elbert,80117,2188.0,240.0,8.8,3.5,138.0,60.0,100,100,136.0,79.0,20,22,499.0,115.0,8.3,6.4,537.0,130.0,8.4,7.9,439.0,102.0,5.5,5.4,295.0,107.0,0,38.3,144.0,58.0,0,71.9
Larkspur,Douglas,80118,4527.0,378.0,5.6,1.9,384.0,200.0,0,37,222.0,87.0,0,14.6,822.0,195.0,1.1,1.8,1201.0,170.0,6.4,3.6,1030.0,141.0,11.4,5.5,527.0,120.0,0,25.2,341.0,99.0,0,100
Littleton,Arapahoe,80120,25062.0,460.0,7.6,1.4,1666.0,205.0,22,9.4,1840.0,294.0,13.9,6.4,7387.0,414.0,7.2,2.3,4560.0,403.0,4.7,2,4127.0,262.0,5.6,2.2,2713.0,227.0,6.6,5.9,2769.0,278.0,0,14.5
Littleton,Arapahoe,80121,14782.0,440.0,6.9,1.8,756.0,186.0,8.3,13.1,657.0,207.0,2.8,3.9,4180.0,350.0,9.3,3.2,2552.0,262.0,1.9,1.4,2733.0,292.0,8.4,5,2069.0,223.0,7.4,5.4,1835.0,241.0,6.9,11.7
Littleton,Arapahoe,80122,25147.0,632.0,7.1,1.5,1407.0,211.0,19.5,9.9,1198.0,217.0,18.9,9.2,7506.0,490.0,5.4,1.8,5288.0,419.0,3.6,1.5,4737.0,401.0,8.3,3,3015.0,305.0,10,6.2,1996.0,249.0,24.6,19.4
Littleton,Jefferson,80123,36593.0,933.0,6.1,1.2,1988.0,261.0,19.8,7.9,2258.0,298.0,10.7,4.8,12339.0,733.0,4.8,1.5,7058.0,525.0,6.8,3,6607.0,431.0,4.5,2,3842.0,265.0,3.4,3.3,2501.0,240.0,4.1,7
Littleton,Douglas,80124,14885.0,423.0,4.5,1.2,1135.0,224.0,17.5,13,1044.0,331.0,6,5.1,5662.0,418.0,3.3,1.9,3179.0,305.0,3.1,2,2239.0,253.0,3.9,2.7,1168.0,187.0,12.1,11.2,458.0,125.0,0,40.4
Littleton,Douglas,80125,7757.0,387.0,5.4,2,435.0,120.0,26.7,27.4,322.0,152.0,14,11.8,3117.0,290.0,2,1.7,1723.0,220.0,4,3.1,1225.0,233.0,10.9,8.2,658.0,132.0,13.2,14.3,277.0,82.0,0,82.3
Littleton,Douglas,80126,30394.0,783.0,4.4,0.8,2512.0,363.0,16.9,6.7,1540.0,238.0,5.3,3.9,11066.0,586.0,2.3,1,7514.0,459.0,4.3,1.8,4808.0,388.0,5.9,2.1,1825.0,229.0,1,1.7,1129.0,196.0,0,32.9
Littleton,Jefferson,80127,35056.0,825.0,5.2,0.9,2916.0,356.0,23.7,7.8,2295.0,333.0,6.9,4.3,10449.0,533.0,4.2,1.3,8364.0,496.0,2.3,1,6825.0,466.0,6.5,1.9,2766.0,236.0,3.8,3.3,1441.0,202.0,0,30.5
Littleton,Jefferson,80128,28681.0,599.0,6.4,1.3,1982.0,304.0,16.3,9.1,1784.0,328.0,18.9,8.2,9252.0,462.0,4.6,1.5,6560.0,481.0,3.5,1.3,4891.0,478.0,8.2,3,2559.0,209.0,1.9,2.2,1653.0,192.0,11.7,14.6
Littleton,Douglas,80129,20451.0,544.0,3.5,1,1497.0,242.0,13.5,8.3,1151.0,191.0,4.5,5.4,8029.0,407.0,2.9,1.4,4473.0,335.0,3.4,2,2933.0,279.0,1.8,1.7,1352.0,183.0,9.8,9.4,1016.0,170.0,0,32.9
Littleton,Douglas,80130,20164.0,629.0,4.8,1.3,1218.0,232.0,25.8,15.6,899.0,249.0,3.4,4.3,9123.0,529.0,4,1.6,3956.0,383.0,4.6,2,2469.0,295.0,4.4,2.2,1732.0,217.0,0,6.4,767.0,167.0,16,22.9
Louviers,Douglas,80131,144.0,99.0,0,47.5,0.0,12.0,-,**,0.0,12.0,-,**,18.0,19.0,0,100,21.0,26.0,0,85.6,40.0,39.0,0,74.1,51.0,50.0,0,100,14.0,19.0,-,**
Monument,El Paso,80132,15272.0,675.0,6.3,1.8,1195.0,204.0,30,13.7,798.0,246.0,6.5,7.3,3594.0,335.0,4.3,3.3,4129.0,417.0,3.3,2.1,3021.0,332.0,8.6,4.6,1718.0,260.0,5.2,6.8,817.0,208.0,0,35.7
Palmer Lake,El Paso,80133,1657.0,173.0,4.5,3.1,77.0,49.0,0,42.8,29.0,25.0,0,69.9,642.0,152.0,2.7,3.9,407.0,126.0,4.5,4,312.0,108.0,9.7,9.7,108.0,62.0,0,57.1,82.0,61.0,-,**
Parker,Douglas,80134,42532.0,888.0,4.6,0.8,2977.0,341.0,11.5,6.4,2563.0,355.0,10.3,5.3,17905.0,731.0,3.3,0.9,9446.0,480.0,4.1,1.5,5926.0,439.0,5,2,2309.0,273.0,8.5,6.8,1406.0,242.0,0,36.7
Sedalia,Douglas,80135,3249.0,361.0,8,2.9,241.0,102.0,12.2,13.1,143.0,61.0,0,30.7,521.0,117.0,11.2,9.3,877.0,207.0,8.8,6.1,807.0,141.0,4.9,5,439.0,102.0,0,23.9,221.0,82.0,100,98.9
Strasburg,Adams,80136,3817.0,324.0,8.8,3.6,328.0,104.0,13.6,23.6,162.0,93.0,21.8,21.9,1247.0,178.0,7,6.5,925.0,170.0,9.9,8,691.0,164.0,8.3,5.2,338.0,121.0,0,29.9,126.0,66.0,0,53.3
Watkins,Adams,80137,1031.0,263.0,6.7,4.5,279.0,179.0,25,24.5,15.0,25.0,0,76.6,171.0,66.0,0,20.3,207.0,96.0,6.8,7.5,163.0,71.0,10.7,12.6,105.0,59.0,0,52.4,91.0,59.0,-,**
Parker,Douglas,80138,23061.0,818.0,4.8,1.1,1588.0,295.0,5.3,7.4,1517.0,311.0,14.7,8.1,7401.0,431.0,4,1.6,5813.0,475.0,2.4,1.3,3896.0,404.0,6.5,2.7,1843.0,207.0,3.8,4.5,1003.0,207.0,0,50.9
Englewood,Arapahoe,80150,,,,,,,,,,,,,,,,,,,,,,,,,,,,,,,,
Englewood,Arapahoe,80151,,,,,,,,,,,,,,,,,,,,,,,,,,,,,,,,
Englewood,Arapahoe,80155,,,,,,,,,,,,,,,,,,,,,,,,,,,,,,,,
Littleton,Arapahoe,80160,,,,,,,,,,,,,,,,,,,,,,,,,,,,,,,,
Littleton,Arapahoe,80161,,,,,,,,,,,,,,,,,,,,,,,,,,,,,,,,
Littleton,Jefferson,80162,,,,,,,,,,,,,,,,,,,,,,,,,,,,,,,,
Littleton,Douglas,80163,,,,,,,,,,,,,,,,,,,,,,,,,,,,,,,,
Littleton,Arapahoe,80165,,,,,,,,,,,,,,,,,,,,,,,,,,,,,,,,
Littleton,Arapahoe,80166,,,,,,,,,,,,,,,,,,,,,,,,,,,,,,,,
Denver,Denver,80201,,,,,,,,,,,,,,,,,,,,,,,,,,,,,,,,
Denver,Denver,80202,11183.0,903.0,6.4,2.9,280.0,152.0,32.8,26.7,1474.0,424.0,0,2.7,6112.0,780.0,4.5,2.4,1354.0,262.0,14.1,12.2,1154.0,206.0,14.7,15.6,563.0,155.0,22.1,22.2,246.0,100.0,0,48.8
Denver,Denver,80203,19556.0,794.0,4.6,1.3,77.0,58.0,46.7,53.3,2675.0,412.0,2.3,1.6,11546.0,745.0,4.9,1.7,1886.0,374.0,3.2,2.6,2023.0,360.0,5.9,3.3,969.0,192.0,8.7,14,380.0,129.0,0,44.7
Denver,Denver,80204,24351.0,1060.0,11.1,1.9,1588.0,315.0,26.9,15.1,2851.0,362.0,10.7,5.4,10773.0,782.0,10.6,2.2,3179.0,289.0,11.1,4.3,3114.0,394.0,9.5,3.2,1652.0,209.0,6.3,7.4,1194.0,168.0,20.6,32
Denver,Denver,80205,25483.0,1064.0,11.3,2,1009.0,224.0,34.2,16.9,2463.0,513.0,14.4,6.3,13196.0,805.0,7.6,2,3704.0,483.0,20.8,6.3,2721.0,332.0,16.2,6.7,1254.0,176.0,3,6.7,1136.0,183.0,16.9,23.4
Denver,Denver,80206,19034.0,708.0,4.7,1,248.0,94.0,23.4,24.4,1668.0,296.0,2.9,2.7,9102.0,523.0,3.6,1.3,2399.0,278.0,9,3.6,2853.0,325.0,5.6,2.7,1754.0,257.0,3.9,3.2,1010.0,186.0,7.8,11.3
Denver,Denver,80207,18043.0,792.0,8.7,2,901.0,191.0,56.2,17.5,1032.0,241.0,9.2,6.8,7652.0,551.0,6.8,2.2,2963.0,351.0,8.3,5.4,2489.0,295.0,5.7,3.4,1762.0,202.0,12.4,11,1244.0,210.0,0,37.6
Denver,Denver,80208,,,,,,,,,,,,,,,,,,,,,,,,,,,,,,,,
Denver,Denver,80209,20724.0,811.0,5.4,1.3,308.0,124.0,16.9,17.3,1089.0,293.0,7.5,6.4,9871.0,708.0,4.7,1.6,2987.0,414.0,6.8,4.1,3325.0,346.0,5.7,3,1765.0,262.0,3.6,4.1,1379.0,196.0,0,28.7
Denver,Denver,80210,30759.0,1146.0,6.5,1.1,2570.0,725.0,19.6,8.2,3448.0,589.0,5.7,3.5,13014.0,693.0,5.8,1.5,4354.0,379.0,6.6,3,3845.0,309.0,6.1,2.7,1783.0,220.0,4.1,4.1,1745.0,225.0,0,36
Denver,Denver,80211,27775.0,832.0,7.4,1.4,1192.0,277.0,13.8,12.5,1628.0,330.0,19.1,9.2,14535.0,687.0,6.2,1.7,3734.0,450.0,4.6,2.4,3353.0,364.0,10.7,4.6,1979.0,237.0,7.3,6.4,1354.0,194.0,0,43.3
Denver,Denver,80212,15873.0,822.0,7.2,1.9,562.0,192.0,16.6,23,794.0,289.0,20,14.8,7179.0,626.0,5,1.8,2535.0,366.0,6.3,4,2345.0,324.0,10.1,5.1,1346.0,227.0,9.4,11.9,1112.0,190.0,0,27.2
Denver,Jefferson,80214,20746.0,853.0,10.3,2,925.0,244.0,54.6,22.8,2039.0,399.0,9.5,6.4,8106.0,632.0,8.5,3.7,3560.0,442.0,13.9,5.7,2924.0,366.0,5.2,3.8,1397.0,222.0,5.5,6.8,1795.0,264.0,11.7,21.2
Denver,Jefferson,80215,15134.0,663.0,8.2,1.9,658.0,167.0,20.6,13,1345.0,361.0,12,7.1,4486.0,458.0,8.3,2.4,2605.0,299.0,6.5,3.8,2756.0,265.0,6.5,3.8,1503.0,213.0,3.9,4.6,1781.0,228.0,5.6,9.9
Denver,Denver,80216,8154.0,772.0,13.2,4.1,717.0,238.0,15.4,14.2,1180.0,307.0,19.1,12.5,3498.0,466.0,11.3,4,1249.0,203.0,13.5,7.7,882.0,163.0,12.5,8.1,359.0,83.0,0,29.4,269.0,66.0,0,100
Denver,Denver,80217,,,,,,,,,,,,,,,,,,,,,,,,,,,,,,,,
Denver,Denver,80218,16918.0,758.0,6.1,1.6,262.0,104.0,12.2,20.2,1462.0,273.0,12.5,7.3,8964.0,626.0,4.3,1.8,1796.0,318.0,9.9,5.5,2408.0,261.0,4.7,3.8,1216.0,204.0,11.3,9.4,810.0,187.0,0,49.4
Denver,Denver,80219,46383.0,1641.0,10.9,1.3,3696.0,433.0,29.8,9.8,4383.0,514.0,11.6,3.6,20037.0,1046.0,11.8,2,6844.0,510.0,5.7,2,5502.0,493.0,9.3,3.3,3328.0,307.0,2.9,3.5,2593.0,286.0,0,18.3
Denver,Denver,80220,29428.0,1070.0,8.1,1.4,1716.0,361.0,42.7,15,2368.0,405.0,21.9,7.5,12508.0,817.0,5.4,1.6,4964.0,489.0,8.7,3.5,4211.0,390.0,3.3,2.7,2328.0,256.0,0.9,1.4,1333.0,243.0,0,28.5
Denver,Adams,80221,31508.0,949.0,11.1,1.6,2250.0,373.0,29,9.6,3283.0,489.0,15.6,5.4,12525.0,635.0,9.1,2,5153.0,476.0,10.2,2.9,4246.0,365.0,8.9,3.5,2056.0,244.0,16,11.9,1995.0,255.0,0,23.3
Denver,Denver,80222,17196.0,600.0,9.7,2,735.0,176.0,38,20.6,1549.0,357.0,10.9,5.1,6760.0,456.0,7.8,2.7,2609.0,285.0,9.8,4.8,2504.0,279.0,9.6,5.6,1220.0,170.0,6.4,6.5,1819.0,188.0,0,45.2
Denver,Denver,80223,13870.0,785.0,7.5,2.3,835.0,212.0,11.9,10.6,1412.0,334.0,9.1,7.2,5820.0,496.0,5.9,2.5,2199.0,317.0,9.9,7.2,1999.0,335.0,8.2,4.7,921.0,147.0,2.8,4.3,684.0,171.0,11.4,22.5
Denver,Denver,80224,14504.0,759.0,9.3,2.6,419.0,139.0,10.6,16.5,959.0,295.0,11.4,10.9,5109.0,507.0,11.3,4.2,2106.0,269.0,11.2,7.3,2333.0,320.0,2.2,1.8,1558.0,202.0,6.5,6.5,2020.0,223.0,0,14.4
Denver,Jefferson,80225,,,,,,,,,,,,,,,,,,,,,,,,,,,,,,,,
Denver,Jefferson,80226,25522.0,765.0,7.5,1.4,1834.0,324.0,34.6,11.1,2468.0,459.0,7.1,3.7,9305.0,574.0,5.9,1.8,3500.0,357.0,6,2.5,3781.0,319.0,6.8,3.4,2400.0,245.0,4.1,3.4,2234.0,248.0,19.7,27.8
Denver,Jefferson,80227,27857.0,846.0,7.7,1.4,1527.0,301.0,11.8,7.3,2646.0,395.0,16.1,6.7,9319.0,677.0,6.2,1.9,4810.0,434.0,6.3,2,4472.0,366.0,7.6,3.2,3053.0,265.0,5.2,3.5,2030.0,225.0,0,30.5
Denver,Jefferson,80228,25946.0,692.0,7.7,1.3,1426.0,224.0,18.6,12.1,2594.0,314.0,14.2,5.3,8438.0,498.0,4.9,1.8,5099.0,373.0,7.3,2.2,4256.0,431.0,8,3.9,2529.0,234.0,9.5,4.6,1604.0,239.0,0,29.4
Denver,Adams,80229,37259.0,1143.0,9.7,1.4,2695.0,371.0,32,10.1,3976.0,396.0,11.7,4,15872.0,749.0,7,1.5,6348.0,553.0,11.7,3.3,4407.0,388.0,7.6,3.4,2339.0,273.0,10.8,9.4,1622.0,245.0,17.5,23.8
Denver,Denver,80230,6396.0,315.0,4.3,2.6,274.0,115.0,7.3,13.6,323.0,136.0,3.3,5,2904.0,325.0,6.4,4.4,1164.0,224.0,2.1,3,932.0,246.0,0,4.2,400.0,104.0,0,17.8,399.0,123.0,-,**
Denver,Denver,80231,28492.0,893.0,6.6,1.6,1017.0,301.0,29.5,15.4,3244.0,556.0,5.7,3.4,12025.0,830.0,5.8,2.2,4380.0,524.0,5.1,3,3923.0,440.0,7.1,3.9,2105.0,283.0,13.9,9.2,1798.0,313.0,0,20.2
Denver,Jefferson,80232,17867.0,613.0,7.9,1.8,856.0,240.0,27.8,13.2,1211.0,227.0,16.9,8.7,6315.0,481.0,7.1,2.7,2850.0,331.0,5.8,3,3031.0,340.0,5.6,3,1957.0,238.0,4,4.5,1647.0,265.0,16.2,17
Denver,Adams,80233,36396.0,1038.0,8.5,1.5,2264.0,338.0,29.7,10.7,3392.0,481.0,11.1,5.5,14848.0,883.0,8.7,1.9,5979.0,509.0,5.6,2.1,5321.0,445.0,4.9,3.2,2463.0,314.0,0,5.2,2129.0,275.0,0,25.2
Denver,Adams,80234,20773.0,784.0,8.7,2.2,1226.0,308.0,31.8,13.8,1708.0,274.0,9.9,7.6,8206.0,559.0,7.3,2.5,3498.0,399.0,7,3.9,3271.0,429.0,5.5,3.4,1758.0,227.0,19.2,10,1106.0,193.0,0,63.2
Denver,Jefferson,80235,6584.0,398.0,8.1,2.8,472.0,139.0,21.1,19.8,498.0,128.0,10.6,9,2212.0,337.0,7,4.5,1295.0,197.0,9.2,5.1,991.0,165.0,5,5.5,607.0,123.0,8.2,8.5,509.0,105.0,28.1,39.9
Denver,Denver,80236,13174.0,728.0,8.8,2.2,867.0,361.0,0,9.6,1086.0,280.0,13.5,10.2,4736.0,446.0,7.2,2.8,2227.0,353.0,11.4,5.6,1729.0,242.0,12,7.5,1258.0,208.0,0,19.1,1271.0,233.0,0,31.8
Denver,Denver,80237,16125.0,820.0,4.2,1.1,463.0,189.0,23.3,21.2,1004.0,243.0,1.8,2.9,6915.0,949.0,1.8,1.1,2409.0,354.0,6.7,4.1,2252.0,289.0,7.6,4.3,1622.0,261.0,4.3,4.5,1460.0,241.0,0,20.9
Denver,Denver,80238,7803.0,338.0,3,1.3,47.0,40.0,-,**,68.0,44.0,19.1,26.9,5456.0,328.0,2.2,1.4,1193.0,210.0,1,1.7,596.0,177.0,6.1,6,321.0,130.0,31.7,20.7,122.0,76.0,0,89.4
Denver,Denver,80239,30284.0,1216.0,10.9,1.7,2741.0,324.0,33.4,10.9,3200.0,449.0,18.7,6.5,14063.0,804.0,8.2,1.8,4739.0,434.0,11.2,4,3003.0,399.0,3.6,2.8,1443.0,249.0,9.3,9.4,1095.0,223.0,0,22.5
Denver,Adams,80241,25205.0,818.0,7.3,1.5,1741.0,294.0,19.8,8.9,2228.0,407.0,17.5,8.4,10240.0,529.0,5.9,1.7,5114.0,443.0,6.6,2.8,3169.0,394.0,1.9,1.7,1534.0,265.0,11.3,10.9,1179.0,273.0,0,24.8
Denver,Denver,80243,,,,,,,,,,,,,,,,,,,,,,,,,,,,,,,,
Denver,Denver,80244,,,,,,,,,,,,,,,,,,,,,,,,,,,,,,,,
Denver,Denver,80246,11356.0,523.0,5.9,1.9,335.0,117.0,7.5,11.8,1705.0,338.0,3.5,3.9,5480.0,469.0,5.4,2.2,1464.0,270.0,14.3,7.3,1252.0,277.0,2.1,2.5,598.0,146.0,4.5,7.7,522.0,128.0,0,74.1
Denver,Arapahoe,80247,21539.0,851.0,7.6,1.8,854.0,254.0,45.8,19.9,1865.0,453.0,10.3,6.3,8992.0,615.0,5.7,2,2709.0,359.0,9,4.4,2760.0,291.0,3.5,3.9,2031.0,299.0,6.4,4.5,2328.0,279.0,0,24.1
Denver,Denver,80248,,,,,,,,,,,,,,,,,,,,,,,,,,,,,,,,
Denver,Denver,80249,18902.0,1069.0,7,2.1,1168.0,294.0,21.5,18.8,1345.0,351.0,17.7,9,9830.0,718.0,4.9,2.1,3130.0,361.0,8.3,5.4,2062.0,390.0,6.8,6.3,816.0,210.0,0,11.5,551.0,348.0,0,39.6
Denver,Denver,80250,,,,,,,,,,,,,,,,,,,,,,,,,,,,,,,,
Denver,Denver,80251,,,,,,,,,,,,,,,,,,,,,,,,,,,,,,,,
Denver,Denver,80252,,,,,,,,,,,,,,,,,,,,,,,,,,,,,,,,
Denver,Denver,80256,,,,,,,,,,,,,,,,,,,,,,,,,,,,,,,,
Denver,Denver,80257,,,,,,,,,,,,,,,,,,,,,,,,,,,,,,,,
Denver,Denver,80259,,,,,,,,,,,,,,,,,,,,,,,,,,,,,,,,
Denver,Adams,80260,24716.0,1051.0,10,1.7,1588.0,350.0,28.6,13.5,2895.0,421.0,10.9,5.2,9636.0,668.0,9,2.5,4311.0,484.0,7.5,3.8,3009.0,391.0,9.4,4.7,1851.0,231.0,8.6,8,1426.0,240.0,41.1,33.8
Denver,Denver,80261,,,,,,,,,,,,,,,,,,,,,,,,,,,,,,,,
Denver,Denver,80262,,,,,,,,,,,,,,,,,,,,,,,,,,,,,,,,
Denver,Denver,80263,,,,,,,,,,,,,,,,,,,,,,,,,,,,,,,,
Denver,Denver,80264,0.0,12.0,-,**,0.0,12.0,-,**,0.0,12.0,-,**,0.0,12.0,-,**,0.0,12.0,-,**,0.0,12.0,-,**,0.0,12.0,-,**,0.0,12.0,-,**
Denver,Denver,80265,,,,,,,,,,,,,,,,,,,,,,,,,,,,,,,,
Denver,Denver,80266,,,,,,,,,,,,,,,,,,,,,,,,,,,,,,,,
Denver,Denver,80271,,,,,,,,,,,,,,,,,,,,,,,,,,,,,,,,
Denver,Denver,80273,,,,,,,,,,,,,,,,,,,,,,,,,,,,,,,,
Denver,Denver,80274,,,,,,,,,,,,,,,,,,,,,,,,,,,,,,,,
Denver,Denver,80279,,,,,,,,,,,,,,,,,,,,,,,,,,,,,,,,
Denver,Denver,80280,,,,,,,,,,,,,,,,,,,,,,,,,,,,,,,,
Denver,Denver,80281,,,,,,,,,,,,,,,,,,,,,,,,,,,,,,,,
Denver,Denver,80290,0.0,12.0,-,**,0.0,12.0,-,**,0.0,12.0,-,**,0.0,12.0,-,**,0.0,12.0,-,**,0.0,12.0,-,**,0.0,12.0,-,**,0.0,12.0,-,**
Denver,Denver,80291,,,,,,,,,,,,,,,,,,,,,,,,,,,,,,,,
Denver,Denver,80293,0.0,12.0,-,**,0.0,12.0,-,**,0.0,12.0,-,**,0.0,12.0,-,**,0.0,12.0,-,**,0.0,12.0,-,**,0.0,12.0,-,**,0.0,12.0,-,**
Denver,Denver,80294,0.0,12.0,-,**,0.0,12.0,-,**,0.0,12.0,-,**,0.0,12.0,-,**,0.0,12.0,-,**,0.0,12.0,-,**,0.0,12.0,-,**,0.0,12.0,-,**
Denver,Denver,80295,,,,,,,,,,,,,,,,,,,,,,,,,,,,,,,,
Denver,Denver,80299,,,,,,,,,,,,,,,,,,,,,,,,,,,,,,,,
Boulder,Boulder,80301,20253.0,650.0,5.7,1.5,934.0,218.0,40.1,26.2,2033.0,357.0,3.6,3.4,7671.0,523.0,6,2.2,3745.0,329.0,5.5,2.8,3120.0,277.0,2.5,1.7,1675.0,211.0,6.3,5.6,1075.0,245.0,0,43.7
Boulder,Boulder,80302,25853.0,1016.0,7.8,1.6,2654.0,511.0,26.8,10.4,9086.0,740.0,10.5,3.3,6327.0,478.0,5.7,2.3,2579.0,328.0,4.6,2.9,2820.0,359.0,4,2.6,1363.0,202.0,2,3.3,1024.0,189.0,0,31.3
Boulder,Boulder,80303,20753.0,711.0,5.5,1.4,1212.0,305.0,17.6,13.8,5420.0,555.0,7.9,3.5,6089.0,491.0,3.2,1.5,2138.0,248.0,6.9,3.9,2481.0,292.0,3.5,2.2,1664.0,180.0,0,5.5,1749.0,284.0,0,45.8
Boulder,Boulder,80304,21371.0,739.0,5.2,1.5,752.0,182.0,21.2,18.5,2109.0,456.0,14.2,9.8,8222.0,510.0,3.2,1.4,3815.0,419.0,3,1.9,3403.0,317.0,6.5,3,1889.0,196.0,2.1,3.5,1181.0,221.0,0,36.3
Boulder,Boulder,80305,14737.0,619.0,7.3,1.7,955.0,251.0,22.5,13.8,2553.0,549.0,16.4,5.5,4931.0,404.0,3.1,1.5,2464.0,257.0,5.4,2.3,1802.0,197.0,7.3,3.3,1143.0,147.0,0,10,889.0,147.0,0,33.8
Boulder,Boulder,80306,,,,,,,,,,,,,,,,,,,,,,,,,,,,,,,,
Boulder,Boulder,80307,,,,,,,,,,,,,,,,,,,,,,,,,,,,,,,,
Boulder,Boulder,80308,,,,,,,,,,,,,,,,,,,,,,,,,,,,,,,,
Boulder,Boulder,80309,,,,,,,,,,,,,,,,,,,,,,,,,,,,,,,,
Boulder,Boulder,80310,6630.0,802.0,27.8,7.3,5609.0,766.0,36.7,8.3,979.0,218.0,1.2,2.7,33.0,30.0,0,51.6,9.0,17.0,0,98.9,0.0,17.0,-,**,0.0,17.0,-,**,0.0,17.0,-,**
Boulder,Boulder,80314,,,,,,,,,,,,,,,,,,,,,,,,,,,,,,,,
Boulder,Boulder,80321,,,,,,,,,,,,,,,,,,,,,,,,,,,,,,,,
Boulder,Boulder,80322,,,,,,,,,,,,,,,,,,,,,,,,,,,,,,,,
Boulder,Boulder,80323,,,,,,,,,,,,,,,,,,,,,,,,,,,,,,,,
Boulder,Boulder,80328,,,,,,,,,,,,,,,,,,,,,,,,,,,,,,,,
Boulder,Boulder,80329,,,,,,,,,,,,,,,,,,,,,,,,,,,,,,,,
Golden,Jefferson,80401,33007.0,749.0,6.1,1.1,2445.0,335.0,19.9,8.9,3468.0,447.0,7.5,4.3,9929.0,585.0,5.8,1.9,5594.0,391.0,4.5,1.8,5945.0,469.0,5.2,2.1,3516.0,341.0,3.5,3.1,2110.0,213.0,3.6,5.3
Golden,Jefferson,80402,,,,,,,,,,,,,,,,,,,,,,,,,,,,,,,,
Golden,Jefferson,80403,14890.0,556.0,5.9,1.7,680.0,151.0,20.6,18.7,691.0,186.0,18.6,12.8,4751.0,327.0,4.6,2.2,3444.0,386.0,3.7,2.2,2923.0,336.0,5.6,4.1,1579.0,219.0,7.5,5.8,822.0,161.0,0,47.5
Golden,Jefferson,80419,382.0,118.0,-,**,65.0,89.0,-,**,35.0,70.0,-,**,256.0,60.0,-,**,26.0,52.0,-,**,0.0,12.0,-,**,0.0,12.0,-,**,0.0,12.0,-,**
Alma,Park,80420,746.0,192.0,2.2,2.6,32.0,31.0,50,50,28.0,41.0,0,56,357.0,135.0,3.4,3.3,168.0,80.0,0,17.9,133.0,118.0,0,26.9,26.0,26.0,0,59.3,2.0,3.0,-,**
Bailey,Park,80421,6656.0,425.0,7.9,3.4,483.0,93.0,0,13.5,280.0,125.0,29.5,22.1,1757.0,225.0,6.6,5.2,1623.0,236.0,3,2.9,1525.0,182.0,14.3,8.5,782.0,173.0,5.5,10.6,206.0,75.0,0,74.1
Black Hawk,Gilpin,80422,3520.0,261.0,5.7,3,127.0,77.0,0,82.3,119.0,73.0,0,26.7,1299.0,210.0,8.1,4.7,647.0,166.0,6.5,8.8,905.0,187.0,1.1,1.4,319.0,117.0,12.2,26.2,104.0,54.0,-,**
Bond,Eagle,80423,132.0,135.0,15.2,32.9,8.0,14.0,-,**,0.0,12.0,-,**,41.0,63.0,0,56,19.0,24.0,26.3,51.4,39.0,31.0,26.3,40.1,25.0,27.0,-,**,0.0,12.0,-,**
Breckenridge,Summit,80424,8108.0,646.0,4.3,2.1,254.0,104.0,50.8,38.8,723.0,259.0,7.6,7.6,3908.0,553.0,1.9,1.8,1015.0,232.0,1.1,1.4,978.0,226.0,7.6,10.2,970.0,215.0,11.1,15.2,260.0,140.0,0,60.5
Buffalo Creek,Jefferson,80425,219.0,142.0,0,18.6,0.0,12.0,-,**,0.0,12.0,-,**,35.0,37.0,0,69.9,16.0,25.0,-,**,87.0,74.0,0,38.9,71.0,69.0,0,34.8,10.0,16.0,0,93.8
Burns,Eagle,80426,217.0,142.0,3.4,6.9,0.0,12.0,-,**,43.0,49.0,0,45.2,33.0,36.0,0,51.6,85.0,72.0,0,32.1,36.0,32.0,31.6,57.9,8.0,14.0,-,**,12.0,11.0,-,**
Central City,Gilpin,80427,622.0,159.0,8.6,6.4,0.0,12.0,-,**,25.0,23.0,0,59.3,268.0,106.0,7.7,9,149.0,67.0,0,22.8,123.0,55.0,19.7,20,52.0,38.0,28.1,40.1,5.0,8.0,-,**
Clark,Routt,80428,374.0,146.0,0,11.9,25.0,29.0,-,**,10.0,14.0,0,93.8,217.0,104.0,0,17,43.0,32.0,0,45.2,46.0,34.0,0,60.5,0.0,12.0,-,**,33.0,50.0,0,100
Climax,Lake,80429,,,,,,,,,,,,,,,,,,,,,,,,,,,,,,,,
Coalmont,Jackson,80430,,,,,,,,,,,,,,,,,,,,,,,,,,,,,,,,
Como,Park,80432,104.0,77.0,0,43.7,0.0,12.0,-,**,0.0,12.0,-,**,0.0,12.0,-,**,15.0,23.0,0,76.6,78.0,72.0,0,53.3,0.0,12.0,-,**,11.0,18.0,-,**
Conifer,Jefferson,80433,6926.0,519.0,3.2,1.1,510.0,158.0,16.4,12.7,273.0,98.0,10.6,12.3,1611.0,272.0,1.9,2,1640.0,219.0,0.6,0.9,1768.0,197.0,4.2,2.4,713.0,147.0,3.3,6.1,411.0,109.0,0,50.9
Cowdrey,Jackson,80434,32.0,19.0,0,56,0.0,12.0,-,**,0.0,12.0,-,**,9.0,14.0,0,98.9,6.0,8.0,0,100,9.0,7.0,0,98.9,4.0,5.0,0,100,4.0,5.0,-,**
Dillon,Summit,80435,6695.0,695.0,6,4.4,332.0,195.0,0,18.3,1041.0,384.0,7,7,2556.0,473.0,0.9,1.6,1202.0,305.0,8.3,9,1142.0,313.0,12.5,14.6,361.0,116.0,38.6,44.4,61.0,43.0,0,100
Dumont,Clear Creek,80436,422.0,162.0,6.7,9.3,16.0,23.0,0,74.1,0.0,12.0,-,**,76.0,60.0,0,39.3,120.0,84.0,16.7,26.3,115.0,92.0,0,27.2,49.0,37.0,0,100,46.0,62.0,-,**
Evergreen,Jefferson,80437,,,,,,,,,,,,,,,,,,,,,,,,,,,,,,,,
Empire,Clear Creek,80438,301.0,79.0,5.6,3.6,12.0,16.0,0,85.6,21.0,14.0,22.2,32.8,58.0,28.0,10.2,11.1,65.0,32.0,0,40,112.0,56.0,2.3,6.7,29.0,16.0,16.7,24.5,4.0,7.0,-,**
Evergreen,Jefferson,80439,19527.0,631.0,6.8,1.4,1141.0,193.0,24.9,10.2,629.0,175.0,6.9,6.6,4171.0,432.0,5.9,2.7,4597.0,318.0,5.6,2.5,4938.0,357.0,6.1,2.7,2659.0,212.0,9.6,6.1,1392.0,201.0,0,26.7
Fairplay,Park,80440,2032.0,320.0,7.6,4.8,106.0,60.0,0,51.6,233.0,92.0,22.5,26.6,683.0,149.0,3.3,4.4,544.0,138.0,3.5,5.4,370.0,127.0,15.3,18,80.0,48.0,0,37.3,16.0,16.0,-,**
Fraser,Grand,80442,2221.0,557.0,2.8,2.5,29.0,36.0,0,71.9,77.0,77.0,9.1,14.7,974.0,298.0,0,4.1,165.0,86.0,8.5,13.1,588.0,271.0,5.8,8.5,377.0,240.0,0,27.8,11.0,12.0,-,**
Frisco,Summit,80443,2874.0,282.0,5.4,3.8,20.0,22.0,-,**,158.0,104.0,0,21.5,1314.0,294.0,8.9,6.3,404.0,152.0,1.8,3.7,516.0,192.0,0,7.4,266.0,132.0,14,30.1,196.0,105.0,0,66.3
Georgetown,Clear Creek,80444,1021.0,147.0,5.3,2.9,25.0,19.0,0,74.1,46.0,36.0,0,54.1,421.0,100.0,1.4,2.2,213.0,75.0,7.8,7.7,139.0,50.0,19.2,16,140.0,64.0,3.7,5.5,37.0,27.0,0,100
Granby,Grand,80446,2735.0,473.0,7.5,4.1,121.0,56.0,21,29,128.0,89.0,44.3,30.9,824.0,296.0,3.2,3,552.0,208.0,0.6,1,755.0,205.0,5.3,4.3,301.0,145.0,37.6,51.8,54.0,54.0,0,98.9
Grand Lake,Grand,80447,1537.0,444.0,1.2,2,56.0,66.0,-,**,4.0,7.0,0,100,154.0,127.0,0,23.3,513.0,313.0,0,6.2,321.0,177.0,7.4,12.7,187.0,128.0,0,28.5,302.0,118.0,0,28.5
Grant,Park,80448,278.0,176.0,0,19.1,8.0,13.0,0,100,0.0,12.0,-,**,0.0,12.0,-,**,105.0,74.0,0,26.1,42.0,42.0,0,79.3,123.0,136.0,0,59.3,0.0,12.0,-,**
Hartsel,Park,80449,749.0,239.0,3.3,4.5,11.0,16.0,-,**,11.0,16.0,100,89.4,110.0,97.0,0,25.2,122.0,78.0,0,32.1,271.0,137.0,0,25,168.0,83.0,0,59.3,56.0,51.0,-,**
Hot Sulphur Springs,Grand,80451,615.0,224.0,18.2,18.7,60.0,56.0,100,100,14.0,22.0,0,79.3,233.0,98.0,2.2,3.5,157.0,110.0,44.7,46.1,104.0,55.0,4.6,8.7,36.0,33.0,0,100,11.0,12.0,-,**
Idaho Springs,Clear Creek,80452,2289.0,289.0,13.1,5.8,96.0,67.0,100,52.4,229.0,74.0,17,15.1,746.0,164.0,1,1.5,404.0,115.0,10.9,8.6,493.0,111.0,31.8,15.4,162.0,62.0,8.2,14.1,159.0,72.0,0,69.9
Idledale,Jefferson,80453,219.0,134.0,6.5,8.2,23.0,35.0,-,**,21.0,29.0,47.6,13.5,77.0,66.0,0,40.4,40.0,62.0,0,66.3,42.0,46.0,0,45.8,16.0,25.0,0,74.1,0.0,12.0,-,**
Indian Hills,Jefferson,80454,893.0,184.0,5.3,6.8,25.0,30.0,52.9,52.9,45.0,47.0,100,66.3,292.0,124.0,0,11.7,241.0,109.0,0,13.6,126.0,70.0,5.6,9.4,111.0,68.0,0,53.3,53.0,43.0,-,**
Jamestown,Boulder,80455,463.0,146.0,0.6,1.3,35.0,38.0,0,100,27.0,35.0,0,100,116.0,62.0,0,25.2,94.0,48.0,2.5,5.3,90.0,60.0,0,31.8,86.0,44.0,0,48.8,15.0,19.0,0,100
Jefferson,Park,80456,735.0,172.0,13.2,12.1,0.0,12.0,-,**,10.0,17.0,0,93.8,116.0,54.0,0,31.5,205.0,83.0,28.3,22.6,256.0,151.0,0,32.7,101.0,31.0,0,40.4,47.0,46.0,0,89.4
Kittredge,Jefferson,80457,478.0,179.0,15.1,20.8,64.0,103.0,100,37,22.0,36.0,0,63.2,224.0,131.0,0,13.5,68.0,50.0,0,35.7,91.0,74.0,0,49.4,0.0,12.0,-,**,9.0,14.0,0,98.9
Kremmling,Grand,80459,1920.0,395.0,9.7,6.3,185.0,87.0,3.3,6.9,141.0,150.0,52.3,28.4,635.0,205.0,7.5,6.9,373.0,135.0,7.5,8.5,415.0,114.0,0,10.6,75.0,40.0,0,98.9,96.0,70.0,0,82.3
Leadville,Lake,80461,5616.0,242.0,6.4,3,231.0,88.0,54.3,26.1,444.0,152.0,15.2,13,2177.0,232.0,5,3.3,1096.0,182.0,1.9,3.1,1014.0,176.0,3,3.8,457.0,97.0,0,19.9,197.0,95.0,-,**
Mc Coy,Eagle,80463,127.0,82.0,8.7,21.6,19.0,23.0,31.6,56.1,0.0,12.0,-,**,25.0,27.0,0,59.3,30.0,32.0,0,59.3,29.0,24.0,-,**,0.0,12.0,-,**,24.0,31.0,-,**
Morrison,Jefferson,80465,12815.0,394.0,6,1.6,705.0,139.0,27.6,19.2,517.0,142.0,10.8,8.4,3830.0,292.0,4.2,1.9,2686.0,260.0,6.9,3.3,3097.0,305.0,4.5,2.5,1393.0,178.0,0,6.4,587.0,138.0,14.6,24.2
Nederland,Boulder,80466,2685.0,399.0,5.3,2.7,85.0,48.0,0,76.6,187.0,120.0,0,20.7,1019.0,228.0,6.8,5.7,520.0,144.0,0.7,1.1,544.0,190.0,6.8,6.4,253.0,160.0,14.8,24.7,77.0,47.0,0,100
Oak Creek,Routt,80467,1847.0,213.0,7.4,2.5,66.0,44.0,15.4,24.4,120.0,70.0,26,23,595.0,144.0,7.7,5.3,447.0,96.0,4.1,4.2,386.0,109.0,1.8,3.3,204.0,68.0,10.7,13.9,29.0,21.0,-,**
Parshall,Grand,80468,345.0,129.0,0,11.1,0.0,12.0,-,**,12.0,18.0,0,100,72.0,91.0,0,34.4,144.0,107.0,0,20.8,60.0,60.0,0,48.8,42.0,62.0,0,60.5,15.0,23.0,-,**
Phippsburg,Routt,80469,230.0,84.0,11.2,15.1,0.0,12.0,-,**,24.0,28.0,0,60.5,32.0,36.0,68.8,53.8,46.0,29.0,0,46.3,92.0,56.0,0,31.5,13.0,13.0,0,100,23.0,27.0,0,85.6
Pine,Jefferson,80470,2942.0,434.0,6.5,2.8,76.0,47.0,58.1,40.6,41.0,39.0,0,59.3,867.0,250.0,8.7,4.6,752.0,194.0,2.9,2.5,819.0,218.0,5.4,5.4,295.0,148.0,0,27.2,92.0,55.0,-,**
Pinecliffe,Boulder,80471,0.0,12.0,-,**,0.0,12.0,-,**,0.0,12.0,-,**,0.0,12.0,-,**,0.0,12.0,-,**,0.0,12.0,-,**,0.0,12.0,-,**,0.0,12.0,-,**
Rand,Jackson,80473,52.0,33.0,0,74.1,0.0,12.0,-,**,0.0,12.0,-,**,0.0,12.0,-,**,9.0,15.0,0,98.9,0.0,12.0,-,**,35.0,20.0,0,100,8.0,8.0,0,100
Rollinsville,Gilpin,80474,,,,,,,,,,,,,,,,,,,,,,,,,,,,,,,,
Shawnee,Park,80475,66.0,55.0,0,36.3,0.0,12.0,-,**,0.0,12.0,-,**,0.0,12.0,-,**,0.0,12.0,-,**,32.0,57.0,0,52.4,0.0,12.0,-,**,34.0,51.0,0,50.9
Silver Plume,Clear Creek,80476,215.0,65.0,10.3,7.7,4.0,5.0,0,100,4.0,5.0,0,100,66.0,34.0,14,12.8,46.0,26.0,0,45.8,46.0,25.0,11.9,16.7,30.0,17.0,33.3,43.1,19.0,17.0,-,**
Steamboat Springs,Routt,80477,296.0,208.0,0,12.9,72.0,116.0,0,34.4,0.0,12.0,-,**,141.0,133.0,0,20.4,16.0,18.0,0,74.1,27.0,38.0,0,100,23.0,37.0,-,**,17.0,25.0,-,**
Tabernash,Grand,80478,1457.0,767.0,3.7,6.5,82.0,97.0,0,55.1,343.0,296.0,0,9.1,499.0,416.0,0,6.4,231.0,200.0,0,13.1,97.0,105.0,45.4,54.6,186.0,173.0,0,100,19.0,28.0,-,**
Toponas,Routt,80479,26.0,32.0,0,64.7,0.0,12.0,-,**,0.0,12.0,-,**,0.0,12.0,-,**,0.0,12.0,-,**,21.0,30.0,0,64.7,0.0,12.0,-,**,5.0,8.0,-,**
Walden,Jackson,80480,1052.0,98.0,1.3,1.6,43.0,25.0,0,85.6,34.0,30.0,0,52.4,304.0,86.0,0,12.5,232.0,70.0,2.3,3.9,205.0,66.0,3.1,4.5,130.0,38.0,0,37,104.0,38.0,0,58.2
Ward,Boulder,80481,673.0,198.0,0.9,1.8,33.0,25.0,66.7,64.4,0.0,12.0,-,**,68.0,39.0,0,38,139.0,92.0,0,23.3,289.0,195.0,0,12.7,144.0,149.0,0,100,0.0,12.0,-,**
Winter Park,Grand,80482,933.0,337.0,0,5.1,7.0,13.0,-,**,71.0,95.0,0,34.8,320.0,156.0,0,11.4,219.0,111.0,0,14.4,233.0,212.0,0,37.3,76.0,61.0,0,100,7.0,11.0,-,**
Yampa,Routt,80483,419.0,106.0,9.2,6.4,27.0,20.0,50,50,13.0,16.0,53.8,46.3,87.0,48.0,0,35.7,64.0,28.0,3.8,6.8,150.0,63.0,8.6,8.7,46.0,21.0,0,100,32.0,15.0,0,100
Steamboat Springs,Routt,80487,14183.0,401.0,6.5,2.3,900.0,126.0,34.9,17.3,1231.0,183.0,10.4,8.7,5102.0,338.0,4.8,3.4,2551.0,148.0,5.3,2.5,2699.0,162.0,4.6,3.3,1241.0,115.0,3.4,5.3,459.0,69.0,0,41.1
Steamboat Springs,Routt,80488,46.0,59.0,39.1,25.6,0.0,12.0,-,**,11.0,17.0,0,89.4,0.0,12.0,-,**,0.0,12.0,-,**,35.0,56.0,51.4,6.4,0.0,12.0,-,**,0.0,12.0,-,**
Silverthorne,Summit,80497,352.0,261.0,0,8.8,0.0,12.0,-,**,0.0,12.0,-,**,212.0,170.0,0,14.2,126.0,128.0,0,22.5,14.0,22.0,0,79.3,0.0,12.0,-,**,0.0,12.0,-,**
Silverthorne,Summit,80498,6116.0,664.0,7.7,5.7,196.0,109.0,1.7,4.8,525.0,304.0,0,10.8,2022.0,486.0,8.9,5.8,1279.0,249.0,4.7,7.7,1506.0,335.0,11.6,15.2,464.0,168.0,4,6.7,124.0,91.0,-,**
Longmont,Boulder,80501,31699.0,922.0,9.2,1.3,2125.0,384.0,17.1,7,2821.0,413.0,10.9,5.7,11819.0,684.0,6.9,1.8,5513.0,425.0,10.2,3.5,4404.0,306.0,11.7,4.1,2370.0,222.0,4.4,3.8,2647.0,260.0,0,24.6
Longmont,Boulder,80502,,,,,,,,,,,,,,,,,,,,,,,,,,,,,,,,
Longmont,Boulder,80503,25586.0,725.0,7.2,1.4,2081.0,394.0,17.5,10,1738.0,338.0,9.4,7.3,6883.0,505.0,4.2,2,5554.0,426.0,6,2.7,4803.0,387.0,9,3.5,2952.0,295.0,11.4,6.6,1575.0,250.0,0,42.8
Longmont,Weld,80504,36313.0,1048.0,8,1.3,2272.0,356.0,19.7,10.9,2504.0,407.0,16.6,9.1,13643.0,712.0,7.2,1.6,6886.0,449.0,4,1.6,6211.0,477.0,8,2.6,3382.0,308.0,13.5,6.6,1415.0,245.0,2,4.2
Allenspark,Boulder,80510,494.0,128.0,14.3,7.6,6.0,8.0,100,100,46.0,64.0,0,43.7,186.0,102.0,16,11.8,35.0,31.0,28.6,39.5,92.0,50.0,0,39.3,79.0,56.0,22.7,52.8,50.0,39.0,-,**
Estes Park,Larimer,80511,129.0,218.0,0,23.1,9.0,23.0,0,98.9,47.0,92.0,0,46.9,36.0,58.0,0,49.4,7.0,16.0,0,100,20.0,45.0,0,66.3,10.0,23.0,0,93.8,0.0,12.0,-,**
Bellvue,Larimer,80512,1699.0,348.0,4.2,5,94.0,118.0,100,55.1,0.0,12.0,-,**,428.0,195.0,1.4,2.7,177.0,88.0,0,17.7,501.0,160.0,0,9.1,324.0,153.0,7.9,14.2,175.0,74.0,0,89.4
Berthoud,Larimer,80513,8469.0,554.0,9.3,3.9,588.0,170.0,31.4,19,312.0,110.0,25.2,26.1,1953.0,265.0,9.9,6.3,1672.0,264.0,7.6,6.4,2264.0,331.0,2.7,3.1,986.0,210.0,10.8,12.9,694.0,196.0,-,**
Dacono,Weld,80514,3561.0,211.0,4.5,3.1,241.0,126.0,5.3,8.7,264.0,120.0,8.2,11,1371.0,215.0,0,2.9,840.0,198.0,8.4,8.1,372.0,118.0,6.9,8,322.0,189.0,13.9,29.7,151.0,72.0,-,**
Drake,Larimer,80515,949.0,304.0,17.8,16.5,0.0,12.0,-,**,21.0,44.0,0,64.7,279.0,145.0,36.7,32.9,199.0,165.0,0,19.8,233.0,104.0,11.8,18.2,182.0,135.0,0,43.3,35.0,56.0,-,**
Erie,Boulder,80516,16284.0,543.0,4,1.2,1005.0,238.0,4.2,3.6,787.0,231.0,6.8,5.8,6529.0,310.0,3.6,1.6,3885.0,360.0,4.4,2.3,2461.0,340.0,3.7,2.5,1130.0,196.0,3.2,5.3,487.0,182.0,0,50.1
Estes Park,Larimer,80517,8028.0,489.0,5.2,3,281.0,100.0,11.2,15.5,312.0,165.0,0,10.8,1456.0,303.0,6.2,5.6,940.0,250.0,4.9,4.5,1985.0,368.0,3.7,4.4,1634.0,313.0,9.2,10.9,1420.0,303.0,0,32.9
Firestone,Weld,80520,1095.0,238.0,0,3.6,40.0,41.0,0,46.9,132.0,93.0,0,22.9,316.0,159.0,0,12.2,226.0,130.0,0,15.1,274.0,171.0,0,12.5,58.0,53.0,0,55.1,49.0,56.0,-,**
Fort Collins,Larimer,80521,32027.0,1018.0,8.6,1.2,6427.0,663.0,32.4,6.5,11092.0,898.0,8,2,7821.0,540.0,3.3,1.4,2326.0,252.0,3.7,2,2418.0,235.0,8.2,4.8,1072.0,158.0,0,7,871.0,140.0,0,35.4
Fort Collins,Larimer,80522,,,,,,,,,,,,,,,,,,,,,,,,,,,,,,,,
Fort Collins,Larimer,80523,,,,,,,,,,,,,,,,,,,,,,,,,,,,,,,,
Fort Collins,Larimer,80524,26102.0,836.0,8.2,1.1,1186.0,254.0,31.3,11.6,3210.0,440.0,10.8,3.7,9255.0,565.0,6.4,1.7,3624.0,341.0,8.8,3,4523.0,405.0,6.5,3.4,2567.0,302.0,5,4.4,1737.0,207.0,8.1,8.6
Fort Collins,Larimer,80525,40541.0,1094.0,8.3,1.4,2386.0,358.0,26.1,9.5,4727.0,616.0,14.5,6.1,13932.0,664.0,6.4,2,6759.0,479.0,5.7,1.9,6502.0,417.0,7.4,2.7,3410.0,337.0,4.9,4.2,2825.0,273.0,0,21.2
Fort Collins,Larimer,80526,36938.0,1105.0,7.2,1.2,2372.0,411.0,19.7,7.4,6905.0,817.0,10.6,4.9,13059.0,689.0,6.8,1.5,5609.0,443.0,2.7,1.4,4866.0,368.0,6.4,2.2,2439.0,307.0,2,2.8,1688.0,208.0,0,17.7
Fort Collins,Larimer,80527,,,,,,,,,,,,,,,,,,,,,,,,,,,,,,,,
Fort Collins,Larimer,80528,13389.0,561.0,5.8,1.6,1138.0,243.0,21.6,13.1,755.0,236.0,12,11.7,5174.0,422.0,3.9,2.3,2957.0,311.0,4.1,2.4,1750.0,287.0,7.2,4.9,1093.0,222.0,7.8,8.1,522.0,196.0,0,41.9
Frederick,Weld,80530,2723.0,273.0,5.2,3,257.0,129.0,10.3,15.9,137.0,66.0,11.2,13.7,992.0,215.0,3.3,4,637.0,158.0,5.6,8.1,394.0,120.0,5.2,6.3,214.0,81.0,0,52.4,92.0,73.0,0,76.6
Glen Haven,Larimer,80532,100.0,161.0,48.4,4.4,0.0,12.0,-,**,0.0,12.0,-,**,0.0,12.0,-,**,38.0,61.0,-,**,0.0,12.0,-,**,0.0,12.0,-,**,62.0,100.0,48.4,4.4
Hygiene,Boulder,80533,,,,,,,,,,,,,,,,,,,,,,,,,,,,,,,,
Johnstown,Weld,80534,9447.0,718.0,5.1,2.3,446.0,175.0,22.5,36,457.0,208.0,19.4,28.3,4308.0,412.0,2.1,1.5,1477.0,311.0,6.7,5.2,1524.0,293.0,4.3,6.4,825.0,200.0,13.4,19.2,410.0,184.0,100,85.6
Laporte,Larimer,80535,2520.0,314.0,8.2,6.6,148.0,100.0,29.5,41.9,145.0,83.0,0,26.5,421.0,156.0,3.1,4,578.0,181.0,16.5,20.1,727.0,160.0,5.6,6.4,304.0,124.0,0,28,197.0,115.0,0,64.7
Livermore,Larimer,80536,1680.0,287.0,0,3.8,43.0,47.0,0,100,14.0,24.0,0,79.3,352.0,116.0,0,13.4,214.0,100.0,0,17.3,428.0,121.0,0,10.8,507.0,182.0,0,20.2,122.0,52.0,-,**
Loveland,Larimer,80537,32427.0,877.0,7.5,1.4,1597.0,291.0,17,8.9,2439.0,433.0,11.5,5.7,10338.0,562.0,6.5,2.6,5812.0,402.0,8.7,2.9,5912.0,465.0,4.4,1.9,3475.0,373.0,10.4,6.3,2854.0,322.0,0,20.8
Loveland,Larimer,80538,36675.0,934.0,7.5,1.2,2344.0,413.0,29.1,12.7,2576.0,527.0,10.4,4.9,11546.0,659.0,6.3,2,6674.0,424.0,7.4,2.6,6019.0,542.0,3.9,1.6,4189.0,382.0,6.5,4.9,3327.0,321.0,0,18.3
Loveland,Larimer,80539,,,,,,,,,,,,,,,,,,,,,,,,,,,,,,,,
Lyons,Boulder,80540,4185.0,368.0,5.9,2.4,235.0,105.0,20,23.5,247.0,125.0,10.8,12.8,1163.0,221.0,7.2,5,1009.0,241.0,1.6,1.6,829.0,154.0,7.7,5.3,492.0,106.0,0,18.7,210.0,70.0,-,**
Masonville,Larimer,80541,,,,,,,,,,,,,,,,,,,,,,,,,,,,,,,,
Mead,Weld,80542,2745.0,149.0,1.8,1.3,142.0,65.0,0,48.8,137.0,93.0,0,24.4,748.0,148.0,0.7,1.3,778.0,161.0,3.8,3.5,608.0,159.0,0,7.3,290.0,109.0,6.7,11.9,42.0,52.0,-,**
Milliken,Weld,80543,4479.0,284.0,4.3,2.5,239.0,118.0,13.7,23.9,364.0,157.0,7.2,13.2,1977.0,206.0,3.5,3.4,792.0,199.0,5.4,5.6,639.0,219.0,2.8,4.9,308.0,141.0,-,**,160.0,119.0,0,37
Niwot,Boulder,80544,0.0,12.0,-,**,0.0,12.0,-,**,0.0,12.0,-,**,0.0,12.0,-,**,0.0,12.0,-,**,0.0,12.0,-,**,0.0,12.0,-,**,0.0,12.0,-,**
Red Feather Lakes,Larimer,80545,628.0,175.0,5.3,8.4,19.0,30.0,0,68,12.0,15.0,0,85.6,48.0,45.0,37.2,48.4,155.0,100.0,0,26.7,124.0,64.0,0,30.7,98.0,59.0,0,57.1,172.0,80.0,0,85.6
Severance,Weld,80546,98.0,83.0,0,39.3,5.0,7.0,0,100,21.0,33.0,0,64.7,7.0,12.0,0,100,28.0,30.0,0,56,0.0,12.0,-,**,37.0,59.0,-,**,0.0,12.0,-,**
Timnath,Larimer,80547,803.0,276.0,7.5,6.4,39.0,30.0,9.5,18.1,10.0,13.0,0,100,456.0,209.0,7.9,7.5,87.0,51.0,12.1,18.9,76.0,44.0,0,45.8,124.0,132.0,0,93.8,11.0,14.0,-,**
Wellington,Larimer,80549,6969.0,577.0,4.5,2.3,550.0,225.0,6.1,10.7,453.0,222.0,34.3,20.4,2847.0,382.0,3.3,3.5,1521.0,275.0,1.5,1.9,913.0,263.0,0,5,531.0,153.0,0,12.7,154.0,84.0,0,93.8
Windsor,Weld,80550,16676.0,448.0,5,1.3,859.0,162.0,19.9,14,832.0,234.0,9.1,7.3,6323.0,435.0,4.4,2.4,3649.0,446.0,4.2,2.1,2890.0,380.0,2.5,2,1312.0,189.0,12.1,11,811.0,154.0,13.3,27.8
Windsor,Weld,80551,,,,,,,,,,,,,,,,,,,,,,,,,,,,,,,,
Fort Collins,Larimer,80553,,,,,,,,,,,,,,,,,,,,,,,,,,,,,,,,
Brighton,Adams,80601,26213.0,601.0,7.6,1.6,1847.0,303.0,24,11.2,2264.0,332.0,14.4,7,10795.0,508.0,6.8,2.3,4623.0,415.0,4.9,2.5,3391.0,359.0,4.1,2.8,1852.0,239.0,13.6,11.3,1441.0,237.0,0,51.6
Brighton,Adams,80602,20965.0,727.0,5.3,1.3,1200.0,196.0,26.5,11.7,1335.0,365.0,11.9,7.1,9825.0,501.0,4.2,1.3,3854.0,321.0,2.8,2,2706.0,416.0,5.7,4.7,1564.0,242.0,1,1.9,481.0,123.0,0,52.4
Brighton,Weld,80603,8449.0,549.0,5.9,2.4,428.0,166.0,13.9,22.9,625.0,177.0,13.5,11.1,3494.0,381.0,3.3,2.6,1535.0,267.0,5,5.3,1327.0,232.0,6.8,5.7,669.0,206.0,18.1,24.5,371.0,134.0,0,100
Ault,Weld,80610,2008.0,223.0,10.1,4.9,111.0,38.0,39.1,37.6,146.0,64.0,5.5,7.2,606.0,143.0,7.3,4.9,443.0,105.0,11.8,12.9,303.0,90.0,13.8,17.6,265.0,80.0,0,31,134.0,54.0,30.8,40.2
Briggsdale,Weld,80611,510.0,96.0,4.5,3.7,44.0,36.0,52.2,17.7,5.0,6.0,0,100,109.0,41.0,0,32.4,124.0,52.0,2.1,4.1,147.0,51.0,0,27.6,55.0,21.0,0,89.4,26.0,15.0,0,100
Carr,Weld,80612,392.0,219.0,4.6,6.7,28.0,33.0,-,**,0.0,12.0,-,**,82.0,77.0,0,31.5,57.0,43.0,15.8,20.8,118.0,98.0,0,40,92.0,89.0,-,**,15.0,23.0,-,**
Eastlake,Adams,80614,,,,,,,,,,,,,,,,,,,,,,,,,,,,,,,,
Eaton,Weld,80615,5693.0,461.0,4.1,2.3,421.0,178.0,23,26.5,348.0,130.0,0,9.5,1813.0,218.0,2.1,2,1117.0,237.0,2.2,3.2,1041.0,248.0,8.1,8.2,674.0,186.0,11.5,17.5,279.0,104.0,0,89.4
Evans,Weld,80620,12492.0,513.0,7.9,2.1,1154.0,263.0,26.7,15.8,1705.0,350.0,9.8,7,5271.0,401.0,7.5,2.9,1773.0,270.0,3.8,4.4,1361.0,230.0,0,3.8,744.0,113.0,22.4,15.8,484.0,135.0,0,76.6
Fort Lupton,Weld,80621,8974.0,376.0,5.9,1.7,656.0,150.0,25.8,14.2,568.0,152.0,20.6,16.7,2911.0,246.0,3.2,1.7,1807.0,249.0,6.4,3.8,1696.0,236.0,2.5,2.1,798.0,185.0,3.1,4.5,538.0,118.0,0,56
Galeton,Weld,80622,127.0,77.0,0,36.7,20.0,26.0,-,**,0.0,12.0,-,**,72.0,51.0,0,43.3,18.0,19.0,0,89.4,14.0,13.0,0,100,0.0,12.0,-,**,3.0,6.0,-,**
Gilcrest,Weld,80623,743.0,166.0,10.5,6.4,73.0,46.0,50,50,75.0,46.0,31.7,31.3,243.0,84.0,6.8,6.6,128.0,51.0,3.3,6.3,106.0,59.0,0,33.8,90.0,56.0,0,63.2,28.0,20.0,0,100
Gill,Weld,80624,800.0,249.0,7.5,8.3,42.0,36.0,0,82.3,88.0,74.0,42,47.9,289.0,129.0,0,11.4,246.0,121.0,0,15.2,91.0,64.0,0,29.2,0.0,12.0,-,**,44.0,52.0,100,82.2
Greeley,Weld,80631,39054.0,1037.0,12.8,1.6,5646.0,599.0,23.7,7.5,7642.0,495.0,13.4,3.6,12729.0,740.0,12.2,2.4,4697.0,391.0,11.7,3.6,3833.0,326.0,7.3,3.3,2369.0,263.0,4.2,3.9,2138.0,225.0,8.5,12.9
Greeley,Weld,80632,,,,,,,,,,,,,,,,,,,,,,,,,,,,,,,,
Greeley,Weld,80633,,,,,,,,,,,,,,,,,,,,,,,,,,,,,,,,
Greeley,Weld,80634,42935.0,1052.0,7.5,1.3,2573.0,376.0,32.4,10.7,3508.0,509.0,11.4,4.1,15350.0,787.0,5.6,1.6,6773.0,573.0,4.9,2.3,7116.0,380.0,7.4,2.2,4038.0,278.0,9.8,5.4,3577.0,306.0,0,14.1
Greeley,Weld,80638,,,,,,,,,,,,,,,,,,,,,,,,,,,,,,,,
Greeley,Weld,80639,,,,,,,,,,,,,,,,,,,,,,,,,,,,,,,,
Henderson,Adams,80640,8101.0,613.0,5.3,1.7,499.0,189.0,21.6,16.5,666.0,221.0,19.5,11.7,4184.0,362.0,2.8,1.8,1094.0,216.0,1.8,1.9,1126.0,310.0,4.3,4.8,357.0,88.0,33.3,31.1,175.0,79.0,0,68
Hudson,Weld,80642,4130.0,329.0,3,2.1,238.0,69.0,0,23.6,320.0,184.0,0,10.3,1615.0,267.0,4.6,4,948.0,223.0,0.7,1.2,617.0,149.0,3.9,6.2,323.0,124.0,10.8,17.2,69.0,57.0,-,**
Keenesburg,Weld,80643,2602.0,390.0,5.6,3.2,102.0,68.0,7.9,17,101.0,51.0,8.7,11.5,902.0,239.0,10.2,6.5,509.0,174.0,4.4,6.6,508.0,184.0,0,9.5,326.0,109.0,0,18.8,154.0,61.0,0,82.3
Kersey,Weld,80644,2436.0,272.0,5.8,3.1,185.0,73.0,20.8,20.4,206.0,92.0,2.7,5,754.0,171.0,6.4,5.7,570.0,129.0,3.5,3.5,369.0,115.0,9.5,13.3,264.0,88.0,0,29,88.0,49.0,-,**
La Salle,Weld,80645,3529.0,347.0,11.4,4,240.0,90.0,71.7,29.1,241.0,129.0,8.9,9.8,1206.0,168.0,11.7,4.7,716.0,128.0,5.7,3.8,538.0,123.0,2.2,3.1,326.0,74.0,0,44.2,262.0,88.0,0,98.9
Lucerne,Weld,80646,,,,,,,,,,,,,,,,,,,,,,,,,,,,,,,,
Nunn,Weld,80648,809.0,187.0,10,4.3,87.0,52.0,12.9,21.8,49.0,40.0,38.3,26.2,258.0,74.0,7.1,5.3,191.0,78.0,9.4,10.1,144.0,72.0,2.2,3.5,17.0,9.0,0,100,63.0,36.0,-,**
Orchard,Morgan,80649,176.0,62.0,0,29,5.0,6.0,-,**,0.0,12.0,-,**,37.0,23.0,0,68,25.0,13.0,0,64.7,63.0,29.0,0,42.8,39.0,50.0,0,100,7.0,10.0,-,**
Pierce,Weld,80650,1289.0,194.0,9.6,5.1,93.0,47.0,51.4,25.6,70.0,35.0,40,27,379.0,152.0,3.1,4.3,286.0,83.0,0,12.3,224.0,80.0,8.2,7.6,131.0,57.0,16.7,25.1,106.0,40.0,0,85.6
Platteville,Weld,80651,3242.0,370.0,4.2,2.7,202.0,84.0,0,41.1,258.0,94.0,9.1,10.7,975.0,187.0,5.1,5.2,732.0,126.0,3.1,3.4,470.0,147.0,0,11.5,397.0,120.0,6.5,10.4,208.0,116.0,-,**
Roggen,Weld,80652,226.0,96.0,0,27.4,15.0,22.0,0,76.6,14.0,22.0,-,**,22.0,34.0,-,**,29.0,33.0,0,55.1,56.0,38.0,0,48.1,58.0,35.0,0,71.9,32.0,39.0,-,**
Weldona,Morgan,80653,572.0,114.0,2.4,2.5,24.0,24.0,-,**,15.0,15.0,0,76.6,136.0,66.0,1.7,2.9,113.0,49.0,4.3,5.8,136.0,43.0,2.3,3.6,105.0,42.0,0,74.1,43.0,44.0,0,100
Wiggins,Morgan,80654,1995.0,179.0,4.2,3.1,163.0,52.0,3.5,5.4,163.0,77.0,4.8,5.5,569.0,95.0,4.2,4.8,298.0,88.0,7.4,8.9,401.0,109.0,2.3,2.6,248.0,72.0,0,38,153.0,44.0,0,79.3
Fort Morgan,Morgan,80701,12169.0,406.0,4.8,1.8,920.0,153.0,7.3,7.6,991.0,165.0,8.9,7.4,4119.0,240.0,5.6,2.7,2242.0,249.0,3.8,2.8,1579.0,186.0,1.6,2.4,1199.0,144.0,0,8.7,1119.0,159.0,0,41.5
Log Lane Village,Morgan,80705,705.0,162.0,12.5,7.4,55.0,37.0,26.3,24.2,74.0,38.0,37.5,27.9,279.0,105.0,7.2,7.4,92.0,36.0,3.8,6.5,81.0,33.0,7.8,8.4,66.0,28.0,0,100,58.0,31.0,-,**
Akron,Washington,80720,2364.0,155.0,5.8,2.8,143.0,38.0,11.3,15.5,197.0,85.0,22.3,29.6,693.0,90.0,4.5,3.1,429.0,51.0,3.5,4,359.0,54.0,3.4,3.4,259.0,37.0,8.1,11.5,284.0,32.0,0,59.3
Amherst,Phillips,80721,130.0,65.0,0,29.7,0.0,12.0,-,**,18.0,26.0,-,**,6.0,9.0,0,100,32.0,32.0,0,79.3,42.0,32.0,0,48.8,32.0,24.0,0,52.4,0.0,12.0,-,**
Atwood,Logan,80722,208.0,89.0,0,24.1,6.0,7.0,-,**,13.0,13.0,0,100,63.0,39.0,0,40.4,76.0,72.0,0,55.1,13.0,10.0,0,82.3,35.0,35.0,0,82.3,2.0,3.0,0,100
Brush,Morgan,80723,5335.0,245.0,8.6,3.4,367.0,103.0,34.4,38.5,490.0,138.0,13.6,11.3,1556.0,203.0,9.9,7.7,999.0,186.0,5.8,4.6,871.0,154.0,4.8,4.8,434.0,125.0,0,31,618.0,158.0,0,100
Crook,Logan,80726,379.0,93.0,5.5,7.6,56.0,31.0,0,68,16.0,20.0,-,**,99.0,40.0,0,32.1,76.0,53.0,21.3,19.3,65.0,31.0,0,42.4,34.0,18.0,0,71.9,33.0,18.0,0,98.9
Eckley,Yuma,80727,227.0,71.0,22.6,11.7,21.0,24.0,0,100,23.0,26.0,30.4,35.5,69.0,35.0,47.7,26.1,59.0,34.0,7,15.8,32.0,17.0,9.1,17.3,17.0,12.0,0,89.4,6.0,5.0,-,**
Fleming,Logan,80728,809.0,118.0,5.7,3.6,71.0,31.0,0,64.7,52.0,22.0,6.4,9.3,295.0,69.0,7.9,6.5,170.0,57.0,2,2.6,118.0,35.0,8.2,11.8,53.0,23.0,0,100,50.0,19.0,0,100
Grover,Weld,80729,445.0,91.0,10.2,7.5,9.0,10.0,55.6,55.6,28.0,23.0,0,59.3,113.0,59.0,10.2,10.2,50.0,28.0,0,46.9,73.0,27.0,6.5,9.4,122.0,51.0,25.9,32.6,50.0,27.0,-,**
Haxtun,Phillips,80731,1101.0,112.0,7.6,3.6,96.0,31.0,30.6,21.1,82.0,41.0,8.9,9.9,228.0,44.0,4.5,6.9,197.0,40.0,7,8.6,179.0,50.0,4.5,4.5,105.0,29.0,0,49.4,214.0,55.0,0,68
Hereford,Weld,80732,,,,,,,,,,,,,,,,,,,,,,,,,,,,,,,,
Hillrose,Morgan,80733,374.0,83.0,6.5,4.3,17.0,17.0,-,**,28.0,29.0,4.3,12.5,66.0,32.0,15.9,17.9,79.0,37.0,0,38.6,111.0,54.0,4.1,5.4,45.0,26.0,50,50,28.0,17.0,0,100
Holyoke,Phillips,80734,2216.0,132.0,5.4,4.1,194.0,64.0,0,32.7,142.0,56.0,23.7,26.8,652.0,119.0,7.6,6.6,374.0,96.0,0,9.7,343.0,87.0,3.4,4.6,166.0,43.0,0,27.6,345.0,72.0,0,49.4
Idalia,Yuma,80735,276.0,86.0,0,15.5,9.0,14.0,0,98.9,18.0,20.0,0,100,99.0,53.0,0,31.8,54.0,33.0,0,41.1,37.0,27.0,0,54.1,46.0,30.0,0,85.6,13.0,12.0,-,**
Iliff,Logan,80736,490.0,127.0,0.4,0.9,26.0,21.0,0,100,24.0,21.0,5.3,17,161.0,75.0,0,29.2,94.0,48.0,0,36,85.0,40.0,0,39.6,42.0,20.0,0,69.9,58.0,28.0,0,100
Julesburg,Sedgwick,80737,1238.0,98.0,8.7,5.3,62.0,36.0,0,74.1,65.0,41.0,0,50.1,230.0,50.0,3.5,4.4,217.0,81.0,27.4,14.8,245.0,45.0,2.3,3.2,202.0,50.0,0,38.6,217.0,36.0,0,61.8
Lindon,Washington,80740,118.0,53.0,5,7.7,11.0,16.0,-,**,12.0,14.0,0,85.6,20.0,25.0,0,85.6,21.0,14.0,27.3,33.4,23.0,14.0,0,68,20.0,12.0,0,100,11.0,7.0,0,100
Merino,Logan,80741,630.0,91.0,5.5,5.6,31.0,21.0,0,100,59.0,36.0,42.6,35.3,204.0,60.0,0,18,109.0,37.0,0,27.8,116.0,43.0,0,36.3,85.0,32.0,0,55.1,26.0,19.0,0,100
New Raymer,Weld,80742,198.0,55.0,8.9,9.2,11.0,10.0,60,60,13.0,13.0,0,82.3,53.0,37.0,9.5,17.9,29.0,20.0,3.4,12.8,37.0,23.0,0,85.6,23.0,12.0,0,98.9,32.0,19.0,100,100
Otis,Washington,80743,779.0,89.0,5.7,4.2,42.0,22.0,10,19.2,59.0,39.0,35.7,37.6,158.0,41.0,4.6,5.1,123.0,30.0,0,24.6,177.0,44.0,1.4,1.7,131.0,32.0,4.4,7.1,89.0,23.0,33.3,55.4
Ovid,Sedgwick,80744,425.0,69.0,8.8,6.2,33.0,15.0,25,41.9,60.0,36.0,22,20.1,100.0,37.0,5.4,8,60.0,26.0,1.9,6.6,92.0,33.0,3.8,7.4,46.0,23.0,0,89.4,34.0,15.0,0,100
Padroni,Logan,80745,122.0,49.0,20.6,21.2,0.0,12.0,-,**,11.0,12.0,81.8,37.9,51.0,37.0,7.4,17.9,12.0,11.0,0,100,28.0,25.0,0,66.3,14.0,12.0,66.7,66.7,6.0,9.0,-,**
Paoli,Phillips,80746,46.0,29.0,0,100,0.0,12.0,-,**,2.0,3.0,0,100,2.0,3.0,0,100,4.0,4.0,0,100,1.0,2.0,0,100,14.0,13.0,0,100,23.0,15.0,-,**
Peetz,Logan,80747,425.0,97.0,8.2,4.8,22.0,16.0,45.5,40.1,35.0,19.0,22.9,30.2,114.0,47.0,0,26.7,103.0,40.0,5.4,7.2,86.0,35.0,13.3,11.8,29.0,15.0,0,100,36.0,20.0,0,89.4
Sedgwick,Sedgwick,80749,271.0,72.0,4.5,3.9,26.0,29.0,21.7,41.7,16.0,15.0,0,74.1,44.0,19.0,7.3,7.8,49.0,23.0,0,48.1,75.0,27.0,0,41.1,28.0,14.0,0,98.9,33.0,12.0,-,**
Snyder,Morgan,80750,234.0,88.0,2.7,4.5,0.0,12.0,-,**,0.0,12.0,-,**,72.0,67.0,7.1,18.9,37.0,48.0,0,66.3,54.0,37.0,0,41.5,64.0,47.0,0,45.2,7.0,10.0,-,**
Sterling,Logan,80751,15715.0,266.0,13,4.6,1464.0,304.0,43.3,20.5,1897.0,305.0,44.8,17,4757.0,240.0,1.7,1.3,2362.0,121.0,5.2,3.9,2275.0,147.0,3.1,2.9,1404.0,103.0,5.2,5.9,1556.0,117.0,0,17.3
Stoneham,Weld,80754,142.0,56.0,7.1,11,11.0,14.0,-,**,3.0,5.0,0,100,43.0,35.0,0,56,48.0,31.0,14.6,22.1,19.0,15.0,0,82.3,7.0,6.0,-,**,11.0,9.0,-,**
Vernon,Yuma,80755,137.0,100.0,0,29.4,19.0,29.0,-,**,0.0,12.0,-,**,62.0,47.0,0,37.6,20.0,29.0,0,100,27.0,31.0,0,69.9,8.0,10.0,0,100,1.0,3.0,-,**
Woodrow,Washington,80757,225.0,57.0,10.8,11.8,19.0,13.0,-,**,4.0,9.0,0,100,84.0,36.0,0,40.7,35.0,15.0,26.7,35.2,56.0,24.0,14.9,20.8,10.0,11.0,0,100,17.0,10.0,0,100
Wray,Yuma,80758,2881.0,227.0,3.8,2.5,272.0,95.0,14.8,20.7,167.0,72.0,0,20,914.0,151.0,4.8,4.7,420.0,89.0,0,8.4,527.0,105.0,3.3,3.9,345.0,84.0,0,23,236.0,75.0,0,100
Yuma,Yuma,80759,3703.0,247.0,0.5,1,130.0,73.0,15.3,29.3,263.0,127.0,0,16.5,1272.0,193.0,0,2.9,521.0,129.0,0,6.9,575.0,119.0,0,7.8,413.0,101.0,0,17.7,529.0,88.0,-,**
Anton,Washington,80801,89.0,34.0,0,39.3,9.0,7.0,0,100,0.0,12.0,-,**,12.0,9.0,0,85.6,24.0,16.0,0,66.3,10.0,8.0,0,100,30.0,24.0,0,85.6,4.0,7.0,-,**
Arapahoe,Cheyenne,80802,179.0,56.0,6.1,5.8,0.0,12.0,-,**,27.0,24.0,33.3,30.4,67.0,32.0,0,38.9,34.0,23.0,0,52.4,32.0,18.0,0,60.5,8.0,8.0,0,100,11.0,11.0,0,100
Arriba,Lincoln,80804,275.0,64.0,3.8,4.8,25.0,20.0,35.3,48.1,12.0,10.0,0,85.6,51.0,34.0,0,42.8,29.0,19.0,3.7,9.8,85.0,33.0,0,38.6,60.0,23.0,0,68,13.0,10.0,-,**
Bethune,Kit Carson,80805,406.0,104.0,3.9,4.2,28.0,19.0,71.4,35.3,14.0,16.0,0,79.3,160.0,71.0,0,20.3,92.0,43.0,2.3,5.7,43.0,19.0,0,56,39.0,18.0,0,71.9,30.0,19.0,0,100
Burlington,Kit Carson,80807,4200.0,185.0,5.4,2.8,103.0,55.0,0,31.5,432.0,169.0,2.7,5,1499.0,126.0,9.4,6.1,706.0,111.0,2.6,2.7,563.0,70.0,6,9,480.0,59.0,0,19.2,417.0,55.0,0,38.3
Calhan,El Paso,80808,4676.0,398.0,9.6,2.7,212.0,77.0,21.8,19.4,226.0,108.0,21.3,18.4,1469.0,259.0,13.5,5.3,1139.0,180.0,4.6,3.5,959.0,209.0,7.3,7,477.0,123.0,0,18,194.0,75.0,0,100
Cascade,El Paso,80809,1381.0,249.0,8.9,5.7,46.0,43.0,0,58.2,83.0,63.0,48.6,48.8,278.0,102.0,4.1,6,285.0,103.0,9.9,10.7,359.0,90.0,4.1,6,248.0,109.0,6.5,12,82.0,44.0,-,**
Cheyenne Wells,Cheyenne,80810,1022.0,115.0,6.8,4.4,60.0,37.0,0,54.1,91.0,45.0,24,22.5,276.0,65.0,3.3,4.1,218.0,52.0,7.6,7.8,209.0,55.0,5.5,6.5,63.0,23.0,0,50.9,105.0,38.0,0,100
Cope,Washington,80812,142.0,40.0,0,34.1,7.0,9.0,-,**,0.0,12.0,-,**,29.0,23.0,0,71.9,24.0,12.0,0,66.3,44.0,19.0,0,52.4,8.0,8.0,0,100,30.0,17.0,0,100
Cripple Creek,Teller,80813,1588.0,255.0,6,3.5,68.0,42.0,43.6,47.1,113.0,79.0,0,25.3,457.0,120.0,6.8,5.1,248.0,82.0,9,8,445.0,111.0,1,1.8,154.0,70.0,0,57.1,103.0,51.0,0,100
Divide,Teller,80814,3576.0,366.0,9,4.7,282.0,97.0,27.8,29.7,156.0,93.0,0,22.2,809.0,221.0,22.6,13.4,933.0,221.0,4.1,4.1,903.0,249.0,4.2,4.8,383.0,130.0,0,18.1,110.0,75.0,-,**
Flagler,Kit Carson,80815,663.0,91.0,8.8,5.1,56.0,39.0,44,40.4,28.0,21.0,0,76.6,133.0,43.0,7.7,9.6,103.0,38.0,3.2,4.4,150.0,39.0,0,25.3,89.0,34.0,0,42.8,104.0,34.0,38.5,54.3
Florissant,Teller,80816,4390.0,466.0,6.5,3.1,150.0,76.0,50.8,33.9,218.0,144.0,0,23.4,792.0,227.0,4.9,5.8,680.0,171.0,9.7,7.8,1361.0,261.0,3.2,3.3,885.0,203.0,5.4,9.4,304.0,123.0,0,98.9
Fountain,El Paso,80817,19733.0,624.0,9.2,2.2,1669.0,305.0,31.1,14.7,1433.0,354.0,22.3,10.5,9435.0,540.0,6,3,3235.0,415.0,10,4.6,2312.0,385.0,3.1,3.1,1014.0,211.0,23,20.9,635.0,160.0,0,53.3
Genoa,Lincoln,80818,235.0,76.0,10.2,10.8,11.0,15.0,0,100,9.0,12.0,0,100,56.0,46.0,23.5,38.2,66.0,34.0,0,38,27.0,15.0,31.3,38.1,20.0,17.0,0,98.9,46.0,24.0,0,61.8
Green Mountain Falls,El Paso,80819,598.0,119.0,8.4,6,41.0,25.0,33.3,42.1,28.0,28.0,0,66.3,117.0,52.0,0,28,141.0,67.0,7,12,156.0,53.0,17,14.8,75.0,30.0,0,52.4,40.0,23.0,100,100
Guffey,Park,80820,539.0,159.0,6.8,8.7,6.0,11.0,-,**,0.0,12.0,-,**,30.0,28.0,23.3,59.6,72.0,47.0,0,40.7,185.0,102.0,0,30.7,194.0,97.0,18.4,27.8,52.0,47.0,-,**
Hugo,Lincoln,80821,812.0,119.0,6.7,5.5,16.0,35.0,33.3,66.7,75.0,61.0,18.8,24.4,113.0,50.0,2.6,5.5,140.0,50.0,5.6,6.5,155.0,52.0,6.1,8,152.0,39.0,0,50.9,161.0,41.0,0,50.1
Joes,Yuma,80822,231.0,71.0,0,18.4,33.0,30.0,0,60.5,13.0,13.0,0,93.8,83.0,46.0,0,38,44.0,24.0,0,49.4,28.0,19.0,0,60.5,23.0,20.0,0,100,7.0,8.0,-,**
Karval,Lincoln,80823,152.0,44.0,2.6,6,16.0,19.0,-,**,4.0,6.0,0,100,30.0,25.0,4,13.2,15.0,14.0,8.3,30.7,31.0,14.0,0,61.8,30.0,14.0,0,85.6,26.0,19.0,0,100
Kirk,Yuma,80824,183.0,63.0,14.2,20.4,2.0,4.0,-,**,8.0,11.0,0,100,40.0,30.0,0,49.4,55.0,48.0,35.3,40.6,26.0,15.0,0,64.7,39.0,26.0,0,89.4,13.0,11.0,-,**
Kit Carson,Cheyenne,80825,355.0,82.0,3.8,4.4,44.0,26.0,0,71.9,21.0,17.0,0,69.9,139.0,49.0,6.3,9.8,57.0,29.0,0,40.7,47.0,20.0,6.5,8.1,29.0,17.0,0,98.9,18.0,11.0,-,**
Limon,Lincoln,80826,,,,,,,,,,,,,,,,,,,,,,,,,,,,,,,,
Lake George,Park,80827,606.0,262.0,1.9,4,29.0,47.0,-,**,0.0,12.0,-,**,8.0,13.0,-,**,132.0,126.0,0,21.6,231.0,139.0,3.7,8.5,206.0,130.0,0,44.2,0.0,12.0,-,**
Limon,Lincoln,80828,3166.0,275.0,8.2,5.9,147.0,32.0,37.4,25.2,261.0,82.0,0.9,3.1,1601.0,239.0,5.1,11.8,437.0,104.0,0,13.3,325.0,77.0,12,12.4,172.0,45.0,0,44.7,223.0,42.0,46.2,53.8
Manitou Springs,El Paso,80829,5007.0,252.0,5.2,3.1,162.0,77.0,0,26.3,265.0,145.0,10.7,14.9,1622.0,297.0,7.6,6.6,883.0,234.0,1,1.6,1253.0,261.0,4,4.6,605.0,208.0,6.3,8,217.0,99.0,0,64.7
Matheson,Elbert,80830,159.0,46.0,1.9,4.6,0.0,12.0,-,**,0.0,12.0,-,**,20.0,17.0,0,66.3,20.0,15.0,16.7,27.5,51.0,33.0,0,41.5,53.0,27.0,0,61.8,15.0,11.0,-,**
Peyton,El Paso,80831,17580.0,871.0,9.4,2.6,1659.0,357.0,38.4,15.4,998.0,238.0,20.8,11.7,6678.0,417.0,8.4,3.7,3898.0,493.0,4.7,2.2,2583.0,376.0,3.2,3.9,1408.0,235.0,6,9.1,356.0,123.0,-,**
Ramah,El Paso,80832,418.0,81.0,9.4,6.6,25.0,19.0,-,**,12.0,10.0,0,100,65.0,29.0,23.5,28,126.0,46.0,10,9,94.0,30.0,7.1,11.4,64.0,29.0,0,61.8,32.0,23.0,0,85.6
Rush,El Paso,80833,468.0,105.0,4.7,5,14.0,13.0,-,**,31.0,25.0,0,66.3,99.0,43.0,0,44.2,58.0,29.0,12.8,20.3,129.0,47.0,4.3,6.4,63.0,33.0,0,100,74.0,43.0,0,100
Seibert,Kit Carson,80834,237.0,55.0,11.3,9.6,35.0,24.0,47.1,47.7,4.0,7.0,0,100,39.0,24.0,9.1,12.4,39.0,20.0,9.7,15.6,38.0,17.0,0,61.8,52.0,21.0,0,79.3,30.0,15.0,0,100
Simla,Elbert,80835,698.0,131.0,4.8,3.5,67.0,44.0,0,100,29.0,24.0,0,82.3,150.0,52.0,7,6.6,194.0,65.0,5.4,6.1,124.0,46.0,3.2,4.2,64.0,24.0,0,66.3,70.0,30.0,0,100
Stratton,Kit Carson,80836,871.0,113.0,9,4.4,122.0,56.0,22.9,30,38.0,31.0,5.9,10.1,203.0,50.0,5.4,4.8,211.0,59.0,3.7,4.1,152.0,36.0,15.7,13.6,84.0,22.0,5.7,8.6,61.0,23.0,0,100
U S A F Academy,El Paso,80840,5368.0,377.0,8,6.1,1565.0,220.0,-,**,2981.0,299.0,11.4,20.6,667.0,108.0,4.2,4.9,105.0,51.0,29.5,33.6,35.0,24.0,0,79.3,8.0,9.0,0,100,7.0,9.0,-,**
U S A F Academy,El Paso,80841,,,,,,,,,,,,,,,,,,,,,,,,,,,,,,,,
Victor,Teller,80860,491.0,96.0,6.7,4.8,28.0,25.0,0,69.9,14.0,16.0,0,79.3,75.0,31.0,16.4,15,147.0,51.0,6.4,7,148.0,48.0,2.8,3.6,60.0,28.0,0,74.1,19.0,13.0,-,**
Vona,Kit Carson,80861,184.0,43.0,7.1,8.6,9.0,8.0,0,100,16.0,15.0,50,50,46.0,27.0,0,57.1,20.0,14.0,0,82.3,32.0,17.0,0,57.1,33.0,18.0,0,98.9,28.0,15.0,0,100
Wild Horse,Cheyenne,80862,36.0,24.0,0,59.3,3.0,4.0,-,**,0.0,12.0,-,**,8.0,6.0,0,100,0.0,12.0,-,**,14.0,13.0,0,85.6,9.0,11.0,0,100,2.0,4.0,-,**
Woodland Park,Teller,80863,9853.0,506.0,10.6,3.2,657.0,176.0,41.3,20.5,524.0,135.0,22.5,16,2515.0,238.0,9.7,5,2268.0,261.0,8.8,4.6,2194.0,230.0,4.4,3,1193.0,177.0,11.6,13.7,502.0,107.0,0,59.3
Yoder,El Paso,80864,924.0,186.0,8.4,5.6,38.0,23.0,60,60,42.0,33.0,0,68,199.0,80.0,0,21.7,247.0,80.0,7.5,6.8,249.0,95.0,15.7,13.4,101.0,48.0,0,59.3,48.0,29.0,-,**
Woodland Park,Teller,80866,,,,,,,,,,,,,,,,,,,,,,,,,,,,,,,,
Colorado Springs,El Paso,80901,,,,,,,,,,,,,,,,,,,,,,,,,,,,,,,,
Colorado Springs,El Paso,80903,13840.0,655.0,10.7,2.1,1825.0,472.0,30.4,10.5,2234.0,395.0,13.3,5.2,4633.0,436.0,7.8,2.6,1647.0,247.0,9,4.2,1893.0,242.0,10.4,5.3,910.0,182.0,6.5,10.3,698.0,125.0,0,50.1
Colorado Springs,El Paso,80904,17450.0,628.0,10.2,2.1,629.0,212.0,32.1,15,1506.0,327.0,14.2,8.3,5249.0,493.0,9,2.7,2828.0,352.0,8.9,4.2,2853.0,326.0,7.4,3.5,2174.0,263.0,8.3,6.7,2211.0,252.0,20.6,30.3
Colorado Springs,El Paso,80905,13813.0,817.0,8,2,714.0,197.0,34.7,33.1,1418.0,383.0,6,6,4803.0,620.0,6.1,2.6,2559.0,356.0,7.5,3.5,2201.0,311.0,9.5,5.2,1118.0,194.0,22.6,16,1000.0,190.0,0,23.7
Colorado Springs,El Paso,80906,29285.0,948.0,11.3,2.4,1625.0,287.0,23.1,17.3,3187.0,565.0,36.5,9.5,9237.0,702.0,9.5,3.8,4997.0,439.0,5,2.1,4551.0,444.0,8.7,3.4,3144.0,289.0,9.8,6.4,2544.0,328.0,0,17.6
Colorado Springs,El Paso,80907,22978.0,636.0,10.4,1.8,1150.0,190.0,52.9,15.9,2083.0,313.0,10.9,6.1,7495.0,462.0,7.6,2.4,3949.0,316.0,7.4,2.8,3949.0,290.0,12.9,3.8,2144.0,264.0,1.3,2.3,2208.0,242.0,0,23.1
Colorado Springs,El Paso,80908,10966.0,550.0,7.1,2.3,987.0,166.0,28.7,18.7,393.0,137.0,34.7,23.4,2666.0,381.0,6.2,3.5,2789.0,268.0,3.1,2.7,2368.0,275.0,1.2,1.9,1196.0,194.0,19.9,13.2,567.0,155.0,0,52.4
Colorado Springs,El Paso,80909,29198.0,1095.0,11,2,1672.0,409.0,27.6,12.2,3106.0,445.0,15.1,6.8,9921.0,688.0,11.1,2.9,4764.0,565.0,10.1,4.4,4163.0,448.0,4.3,2.7,2707.0,254.0,5.5,4.2,2865.0,302.0,0,18
Colorado Springs,El Paso,80910,22487.0,867.0,15.9,2.5,1515.0,290.0,32.7,13.1,3128.0,442.0,19.4,6.6,8297.0,646.0,13.7,3.4,3435.0,406.0,15.7,5.5,2590.0,309.0,8.6,4.6,1672.0,213.0,14.1,8.5,1850.0,199.0,40,30.6
Colorado Springs,El Paso,80911,24007.0,745.0,9.4,1.6,1461.0,271.0,42.3,16.2,2460.0,385.0,15.3,5.9,8366.0,535.0,9.1,2.1,4361.0,329.0,6.3,2.2,3501.0,332.0,3.4,2.2,2170.0,256.0,4.9,3.9,1688.0,208.0,0,40
Colorado Springs,El Paso,80912,,,,,,,,,,,,,,,,,,,,,,,,,,,,,,,,
Colorado Springs,El Paso,80913,3173.0,411.0,0,35.7,538.0,139.0,-,**,1851.0,322.0,-,**,755.0,184.0,0,42.4,29.0,35.0,0,68,0.0,12.0,-,**,0.0,12.0,-,**,0.0,12.0,-,**
Colorado Springs,El Paso,80914,311.0,93.0,-,**,58.0,50.0,-,**,212.0,76.0,-,**,41.0,47.0,-,**,0.0,12.0,-,**,0.0,12.0,-,**,0.0,12.0,-,**,0.0,12.0,-,**
Colorado Springs,El Paso,80915,15729.0,790.0,8.8,2.5,1039.0,320.0,36.6,17.1,1653.0,521.0,15.4,10.3,5876.0,530.0,7.7,3.4,2609.0,319.0,6,3.6,2204.0,269.0,3,2.3,1323.0,196.0,7.8,11.2,1025.0,200.0,0,85.6
Colorado Springs,El Paso,80916,27449.0,822.0,13.3,2.2,2245.0,323.0,45.1,16.9,4487.0,536.0,28.4,7.5,12203.0,626.0,7.6,1.9,3732.0,388.0,8.5,3.5,2690.0,305.0,11.9,4,1407.0,177.0,3.7,5.9,685.0,138.0,0,40.7
Colorado Springs,El Paso,80917,24715.0,869.0,11.9,2.5,1731.0,279.0,26.9,10.7,2786.0,469.0,25.8,10.1,8217.0,578.0,10.6,3.2,3833.0,413.0,6.2,2.5,4201.0,373.0,4.6,2.3,2247.0,223.0,14.3,12.6,1700.0,224.0,0,20.9
Colorado Springs,El Paso,80918,38630.0,977.0,8.5,1.2,3223.0,372.0,34.7,8.3,4194.0,515.0,12.3,4.5,13097.0,569.0,5.5,1.7,6568.0,481.0,6.3,1.8,5802.0,388.0,6.7,2.6,3641.0,270.0,7,5.8,2105.0,274.0,12.9,15.2
Colorado Springs,El Paso,80919,22464.0,643.0,7.9,1.7,1349.0,242.0,15.1,10.7,1967.0,402.0,20.3,8.5,6237.0,387.0,6.3,2.3,4632.0,315.0,4.3,1.6,4626.0,331.0,8.5,3.6,2495.0,225.0,4.6,3.6,1158.0,240.0,0,46.3
Colorado Springs,El Paso,80920,29022.0,775.0,7,1.2,2623.0,351.0,26.5,9.3,2443.0,369.0,10.2,4.6,9060.0,492.0,3.2,1.3,6952.0,479.0,4.9,1.7,4762.0,325.0,9.5,3.3,2055.0,193.0,13.8,10.6,1127.0,169.0,0,40.7
Colorado Springs,El Paso,80921,14488.0,729.0,4.8,1.7,1119.0,238.0,11.3,11.9,872.0,250.0,11.1,8.7,4323.0,431.0,3.4,2.4,3391.0,383.0,3,2.9,2567.0,368.0,6.1,4.6,1226.0,233.0,10.3,16,990.0,252.0,0,56
Colorado Springs,El Paso,80922,19133.0,831.0,5.9,1.8,1225.0,296.0,17,13.2,1322.0,397.0,18.4,11.3,8551.0,663.0,5.8,2.3,3941.0,398.0,1.7,1.7,2009.0,316.0,0.7,1.3,1407.0,245.0,0,12.1,678.0,177.0,-,**
Colorado Springs,El Paso,80923,20337.0,932.0,6.4,2.3,1316.0,318.0,16.3,13.9,1308.0,408.0,15.5,10.6,10590.0,640.0,7.1,3.6,4132.0,365.0,2.5,1.8,1791.0,312.0,1.1,1.5,858.0,188.0,0,13.8,342.0,113.0,0,82.3
Colorado Springs,El Paso,80924,3940.0,278.0,7.8,3.9,273.0,87.0,9,15.4,365.0,107.0,31.9,34.2,2058.0,214.0,2.4,2.2,751.0,158.0,6.1,5.8,378.0,138.0,13.8,14.5,49.0,39.0,0,79.3,66.0,43.0,-,**
Colorado Springs,El Paso,80925,4877.0,535.0,10.3,3.8,315.0,118.0,57.7,24,380.0,141.0,22,20.2,2378.0,334.0,7.7,4.5,998.0,244.0,4.3,4.7,493.0,204.0,9.1,12.3,185.0,94.0,17.2,29.1,128.0,74.0,-,**
Colorado Springs,El Paso,80926,1215.0,258.0,11.2,8.8,6.0,10.0,-,**,76.0,89.0,0,66.3,431.0,174.0,12.5,12.5,294.0,144.0,9.4,15,188.0,81.0,0,26.3,124.0,68.0,29.9,34.3,96.0,53.0,0,63.2
Colorado Springs,El Paso,80927,869.0,281.0,12.4,10.7,57.0,59.0,0,89.4,47.0,48.0,0,54.1,545.0,222.0,11.8,10.8,137.0,87.0,19.7,29.5,48.0,54.0,0,74.1,26.0,30.0,-,**,9.0,16.0,-,**
Colorado Springs,El Paso,80928,872.0,193.0,12.7,8.5,42.0,35.0,60,51.7,30.0,18.0,0,82.3,276.0,120.0,14.1,17.6,161.0,61.0,9.5,12.3,250.0,131.0,13.4,14.3,76.0,34.0,0,52.4,37.0,17.0,0,100
Colorado Springs,El Paso,80929,275.0,164.0,0,17,11.0,18.0,-,**,18.0,29.0,0,69.9,39.0,55.0,0,63.2,75.0,68.0,0,33.5,90.0,80.0,0,38.9,33.0,42.0,-,**,9.0,16.0,-,**
Colorado Springs,El Paso,80930,720.0,225.0,9.2,8.5,33.0,29.0,100,93.8,23.0,27.0,65.2,58.9,309.0,179.0,5.6,9.6,78.0,50.0,0,44.2,109.0,67.0,0,50.9,111.0,89.0,0,44.2,57.0,71.0,0,44.2
Colorado Springs,El Paso,80931,,,,,,,,,,,,,,,,,,,,,,,,,,,,,,,,
Colorado Springs,El Paso,80932,,,,,,,,,,,,,,,,,,,,,,,,,,,,,,,,
Colorado Springs,El Paso,80933,,,,,,,,,,,,,,,,,,,,,,,,,,,,,,,,
Colorado Springs,El Paso,80934,,,,,,,,,,,,,,,,,,,,,,,,,,,,,,,,
Colorado Springs,El Paso,80935,,,,,,,,,,,,,,,,,,,,,,,,,,,,,,,,
Colorado Springs,El Paso,80936,,,,,,,,,,,,,,,,,,,,,,,,,,,,,,,,
Colorado Springs,El Paso,80937,,,,,,,,,,,,,,,,,,,,,,,,,,,,,,,,
Colorado Springs,El Paso,80938,31.0,50.0,-,**,0.0,12.0,-,**,0.0,12.0,-,**,0.0,12.0,-,**,16.0,25.0,-,**,15.0,25.0,-,**,0.0,12.0,-,**,0.0,12.0,-,**
Colorado Springs,El Paso,80939,0.0,12.0,-,**,0.0,12.0,-,**,0.0,12.0,-,**,0.0,12.0,-,**,0.0,12.0,-,**,0.0,12.0,-,**,0.0,12.0,-,**,0.0,12.0,-,**
Colorado Springs,El Paso,80940,,,,,,,,,,,,,,,,,,,,,,,,,,,,,,,,
Colorado Springs,El Paso,80941,,,,,,,,,,,,,,,,,,,,,,,,,,,,,,,,
Colorado Springs,El Paso,80942,,,,,,,,,,,,,,,,,,,,,,,,,,,,,,,,
Colorado Springs,El Paso,80943,,,,,,,,,,,,,,,,,,,,,,,,,,,,,,,,
Colorado Springs,El Paso,80944,,,,,,,,,,,,,,,,,,,,,,,,,,,,,,,,
Colorado Springs,El Paso,80945,,,,,,,,,,,,,,,,,,,,,,,,,,,,,,,,
Colorado Springs,El Paso,80946,,,,,,,,,,,,,,,,,,,,,,,,,,,,,,,,
Colorado Springs,El Paso,80947,,,,,,,,,,,,,,,,,,,,,,,,,,,,,,,,
Colorado Springs,El Paso,80949,,,,,,,,,,,,,,,,,,,,,,,,,,,,,,,,
Colorado Springs,El Paso,80950,,,,,,,,,,,,,,,,,,,,,,,,,,,,,,,,
Colorado Springs,El Paso,80951,2618.0,326.0,9.1,5.8,136.0,74.0,100,66.3,239.0,112.0,0,18.9,1713.0,288.0,10.4,7.8,340.0,138.0,5.9,8.9,113.0,70.0,0,27.6,50.0,56.0,0,51.6,27.0,32.0,-,**
Colorado Springs,El Paso,80960,,,,,,,,,,,,,,,,,,,,,,,,,,,,,,,,
Colorado Springs,El Paso,80962,,,,,,,,,,,,,,,,,,,,,,,,,,,,,,,,
Colorado Springs,El Paso,80970,,,,,,,,,,,,,,,,,,,,,,,,,,,,,,,,
Colorado Springs,El Paso,80977,,,,,,,,,,,,,,,,,,,,,,,,,,,,,,,,
Colorado Springs,El Paso,80995,,,,,,,,,,,,,,,,,,,,,,,,,,,,,,,,
Colorado Springs,El Paso,80997,,,,,,,,,,,,,,,,,,,,,,,,,,,,,,,,
Pueblo,Pueblo,81001,23336.0,721.0,14.8,2.4,1958.0,275.0,34.1,12.4,2510.0,321.0,19.4,7.1,7294.0,473.0,14.8,3.6,3484.0,375.0,12.6,6.4,3633.0,283.0,3.3,2.2,2204.0,212.0,11.8,7.3,2253.0,236.0,24.3,32.4
Pueblo,Pueblo,81002,,,,,,,,,,,,,,,,,,,,,,,,,,,,,,,,
Pueblo,Pueblo,81003,12652.0,841.0,15,3.5,848.0,203.0,46,21.5,922.0,190.0,13,9.2,4764.0,480.0,10.6,4.1,2026.0,339.0,16.9,9.7,1842.0,224.0,18.4,7.2,1012.0,126.0,5.4,6.6,1238.0,372.0,0,37.3
Pueblo,Pueblo,81004,20238.0,665.0,14.3,2.3,1169.0,206.0,54.1,13.2,2168.0,352.0,15.3,6.3,5944.0,393.0,13.4,3.1,3534.0,294.0,12.1,4.6,3457.0,279.0,7.9,3.1,2016.0,210.0,8.4,8.1,1950.0,227.0,12.7,17.5
Pueblo,Pueblo,81005,24285.0,888.0,7.4,1.5,1446.0,253.0,21.5,9.7,1627.0,285.0,11,5.9,6904.0,485.0,8.4,2.4,3845.0,387.0,5,2.2,4488.0,412.0,4,2.6,2841.0,304.0,4.9,4.2,3134.0,275.0,3.9,8.1
Pueblo,Pueblo,81006,9508.0,491.0,12,2.7,684.0,146.0,29.4,15.7,828.0,178.0,21,12.2,2279.0,262.0,10.2,6.2,1921.0,213.0,10.4,4.2,1763.0,247.0,10.1,5.4,1160.0,135.0,0,12.3,873.0,131.0,0,43.3
Pueblo,Pueblo,81007,23291.0,619.0,8.7,1.7,1742.0,224.0,31.5,13.5,1907.0,289.0,15.4,6.8,7335.0,366.0,7.4,2.4,4284.0,337.0,5.3,1.9,3907.0,349.0,7.1,3.1,2760.0,264.0,4.9,3.7,1356.0,204.0,0,39.3
Pueblo,Pueblo,81008,8204.0,375.0,9.4,3,459.0,133.0,21.6,16.2,721.0,211.0,10.5,9.5,2867.0,414.0,10.6,5.1,1335.0,250.0,6.9,3.5,1279.0,225.0,7.3,6.3,837.0,133.0,0,16.4,706.0,165.0,0,46.9
Pueblo,Pueblo,81009,,,,,,,,,,,,,,,,,,,,,,,,,,,,,,,,
Pueblo,Pueblo,81010,,,,,,,,,,,,,,,,,,,,,,,,,,,,,,,,
Pueblo,Pueblo,81011,,,,,,,,,,,,,,,,,,,,,,,,,,,,,,,,
Pueblo,Pueblo,81012,,,,,,,,,,,,,,,,,,,,,,,,,,,,,,,,
Colorado City,Pueblo,81019,1216.0,306.0,4.9,6.8,93.0,102.0,0,55.1,17.0,27.0,0,71.9,337.0,161.0,12,14.7,114.0,90.0,0,36.7,229.0,106.0,0,16.3,343.0,147.0,0,46.9,83.0,59.0,0,93.8
Aguilar,Las Animas,81020,868.0,191.0,14,7.5,75.0,52.0,14.3,37,46.0,28.0,26.3,36.2,201.0,80.0,4.9,5.7,134.0,63.0,31.2,25.3,137.0,55.0,5.5,9.2,173.0,58.0,14.6,22.8,102.0,43.0,-,**
Arlington,Kiowa,81021,7.0,6.0,0,100,0.0,12.0,-,**,0.0,12.0,-,**,5.0,6.0,0,100,0.0,12.0,-,**,0.0,12.0,-,**,2.0,5.0,-,**,0.0,12.0,-,**
Avondale,Pueblo,81022,1182.0,279.0,6.9,6.7,94.0,71.0,40.8,42.5,112.0,72.0,0,24.8,243.0,99.0,4.9,8.6,226.0,95.0,11.2,15.8,137.0,94.0,0,24.8,201.0,120.0,0,36.3,169.0,122.0,0,85.6
Beulah,Pueblo,81023,981.0,232.0,2.6,3.8,61.0,48.0,0,100,28.0,26.0,0,56,250.0,127.0,7.4,11.7,168.0,79.0,0,20.3,285.0,110.0,0,21.3,110.0,72.0,0,71.9,79.0,39.0,0,74.1
Boncarbo,Las Animas,81024,82.0,62.0,19.4,29.4,0.0,12.0,-,**,19.0,26.0,-,**,9.0,12.0,-,**,18.0,18.0,0,98.9,30.0,27.0,33.3,39.9,0.0,12.0,-,**,6.0,9.0,0,100
Boone,Pueblo,81025,758.0,132.0,12.6,9.3,56.0,32.0,0,63.2,60.0,35.0,7.5,11.4,190.0,64.0,15.2,11.3,140.0,53.0,22,27.6,90.0,38.0,0,45.2,109.0,49.0,0,69.9,113.0,51.0,0,100
Branson,Las Animas,81027,96.0,41.0,2,4,0.0,12.0,-,**,6.0,10.0,0,100,16.0,12.0,0,93.8,9.0,9.0,11.1,20.4,32.0,22.0,0,89.4,22.0,18.0,0,76.6,11.0,9.0,0,100
Campo,Baca,81029,227.0,48.0,0,25.7,13.0,10.0,0,100,18.0,13.0,0,79.3,22.0,15.0,0,89.4,40.0,17.0,0,52.4,39.0,14.0,0,60.5,32.0,12.0,0,100,63.0,17.0,0,74.1
Cheraw,Otero,81030,106.0,39.0,27.4,16.6,2.0,4.0,-,**,3.0,6.0,0,100,48.0,29.0,35.6,29.7,12.0,11.0,20,40.3,31.0,20.0,20.8,28.7,5.0,6.0,0,100,5.0,7.0,-,**
Crowley,Crowley,81033,262.0,129.0,23.7,22.2,40.0,46.0,100,56,3.0,7.0,0,100,33.0,32.0,27.6,47.3,112.0,100.0,2,3.9,25.0,16.0,0,100,23.0,14.0,44.4,55.6,26.0,22.0,-,**
Crowley,Crowley,81034,,,,,,,,,,,,,,,,,,,,,,,,,,,,,,,,
Eads,Kiowa,81036,824.0,95.0,3.9,3.9,114.0,59.0,16.1,24.8,73.0,47.0,0,42.8,186.0,52.0,5.3,7.7,164.0,44.0,1.5,2,94.0,33.0,1.3,5,99.0,37.0,0,47.5,94.0,32.0,0,89.4
Fort Lyon,Bent,81038,407.0,333.0,0,64.7,0.0,12.0,-,**,0.0,12.0,-,**,282.0,183.0,0,64.7,64.0,106.0,-,**,35.0,68.0,-,**,26.0,52.0,-,**,0.0,12.0,-,**
Fowler,Otero,81039,1365.0,151.0,14.9,6.7,60.0,27.0,70,45.9,79.0,54.0,39.2,16.3,370.0,67.0,9.2,7.8,225.0,80.0,23.2,19.4,211.0,49.0,2.9,3.9,236.0,59.0,7,12.3,184.0,63.0,0,89.4
Gardner,Huerfano,81040,344.0,113.0,0,24.8,24.0,39.0,-,**,0.0,12.0,-,**,56.0,54.0,0,68,39.0,39.0,0,52.4,97.0,61.0,0,51.6,128.0,59.0,0,56,0.0,12.0,-,**
Granada,Prowers,81041,558.0,123.0,15.8,9.6,79.0,43.0,45.2,36.1,64.0,40.0,14.3,12.5,159.0,57.0,16.2,15.9,106.0,45.0,8.1,10.2,82.0,42.0,18.2,16,35.0,18.0,0,66.3,33.0,18.0,0,100
Hartman,Prowers,81043,37.0,24.0,0,54.1,0.0,12.0,-,**,0.0,12.0,-,**,12.0,14.0,0,89.4,13.0,17.0,0,82.3,9.0,9.0,0,100,2.0,3.0,0,100,1.0,2.0,0,100
Hasty,Bent,81044,226.0,99.0,3.4,5.9,12.0,14.0,100,100,2.0,6.0,0,100,40.0,36.0,0,53.3,51.0,38.0,4.3,14.1,56.0,47.0,0,42.8,29.0,23.0,0,100,36.0,18.0,0,100
Haswell,Kiowa,81045,68.0,22.0,3.8,6,6.0,6.0,0,100,3.0,4.0,0,100,16.0,9.0,0,76.6,13.0,9.0,15.4,24.2,17.0,15.0,0,74.1,7.0,7.0,-,**,6.0,5.0,-,**
Hoehne,Las Animas,81046,,,,,,,,,,,,,,,,,,,,,,,,,,,,,,,,
Holly,Prowers,81047,1253.0,153.0,6.4,3.1,89.0,47.0,34.1,36.8,84.0,56.0,0,37.3,305.0,69.0,2.5,2.5,261.0,66.0,6.6,6.7,211.0,65.0,8.8,7.1,115.0,36.0,3.1,10.1,188.0,60.0,0,64.7
Kim,Las Animas,81049,275.0,64.0,0.6,1.2,36.0,23.0,0,69.9,7.0,11.0,0,100,51.0,27.0,0,42.8,37.0,17.0,2.8,5.7,25.0,18.0,0,79.3,74.0,25.0,0,59.3,45.0,20.0,0,100
La Junta,Otero,81050,7724.0,222.0,10.5,3.2,691.0,140.0,46.4,21.8,646.0,143.0,15,11.4,2135.0,186.0,10.8,5.4,1357.0,143.0,7.5,5.1,1279.0,168.0,0.4,0.6,813.0,115.0,6.1,8.9,803.0,104.0,31.4,32.1
Lamar,Prowers,81052,7085.0,206.0,10.2,3.1,593.0,182.0,23.6,23.6,589.0,122.0,21.2,15.3,2172.0,128.0,11.4,4,1086.0,95.0,3,2.1,1217.0,93.0,7.9,6.9,787.0,65.0,0,15.6,641.0,64.0,0,53.3
Las Animas,Bent,81054,4027.0,303.0,12.7,4.5,71.0,39.0,4.3,14.6,127.0,123.0,7.7,28.5,1702.0,219.0,9.3,7,743.0,135.0,17.5,12.4,624.0,75.0,19.2,10.9,434.0,66.0,0,41.1,326.0,39.0,0,61.8
La Veta,Huerfano,81055,1259.0,170.0,5.7,3.9,51.0,43.0,0,71.9,65.0,45.0,0,41.5,180.0,79.0,13.6,15.7,203.0,67.0,9.9,14,316.0,77.0,1,1.7,276.0,69.0,0,32.9,168.0,70.0,0,98.9
Mc Clave,Bent,81057,297.0,134.0,4.6,5.5,27.0,22.0,25,69.5,11.0,15.0,66.7,59.9,132.0,110.0,1.9,4.8,47.0,33.0,0,51.6,49.0,32.0,0,46.3,5.0,5.0,0,100,26.0,19.0,0,100
Manzanola,Otero,81058,819.0,147.0,6.7,5.4,77.0,45.0,30,33.9,48.0,38.0,15.4,26.2,220.0,65.0,7.6,7.1,149.0,50.0,0,32.9,133.0,35.0,0,38.3,117.0,40.0,2.6,8.4,75.0,27.0,0,93.8
Model,Las Animas,81059,331.0,286.0,13.1,22.3,3.0,5.0,-,**,16.0,31.0,-,**,190.0,223.0,42.1,57.9,52.0,40.0,0,66.3,22.0,20.0,0,69.9,26.0,29.0,-,**,22.0,16.0,0,100
Olney Springs,Crowley,81062,1671.0,299.0,48.3,18,128.0,80.0,54.2,54.2,204.0,92.0,73.8,27.1,746.0,222.0,59.5,25.1,262.0,78.0,6.9,13,217.0,65.0,6.3,11.5,89.0,39.0,87.5,50.1,25.0,20.0,-,**
Ordway,Crowley,81063,2082.0,273.0,19.9,10.6,108.0,55.0,31.3,30.5,201.0,131.0,11.5,17.4,736.0,162.0,28.6,15,417.0,91.0,10.2,9.9,286.0,79.0,25.5,26,151.0,53.0,0,82.3,183.0,35.0,0,100
Pritchett,Baca,81064,239.0,50.0,0.7,1.5,10.0,10.0,-,**,22.0,18.0,0,64.7,38.0,29.0,0,54.1,61.0,24.0,1.9,4.2,40.0,19.0,0,53.3,37.0,20.0,0,89.4,31.0,15.0,0,100
Rocky Ford,Otero,81067,4770.0,234.0,12,4.5,352.0,102.0,84.7,19.7,305.0,105.0,14.7,14.8,1268.0,211.0,9.4,5.8,733.0,110.0,0.6,1,893.0,153.0,6.6,6,674.0,111.0,11.1,12.3,545.0,120.0,0,36.3
Rye,Pueblo,81069,1322.0,225.0,2.1,2.4,79.0,50.0,0,46.9,7.0,14.0,0,100,173.0,78.0,0,21.9,177.0,93.0,1.8,4.3,461.0,151.0,1.3,2,266.0,101.0,9.8,14.2,159.0,78.0,0,93.8
Sheridan Lake,Kiowa,81071,208.0,45.0,0,22,14.0,11.0,0,100,2.0,5.0,0,100,82.0,34.0,0,40,31.0,13.0,0,54.1,34.0,15.0,0,57.1,27.0,14.0,0,93.8,18.0,14.0,0,100
Springfield,Baca,81073,1517.0,87.0,3.7,2.2,92.0,31.0,0,45.8,49.0,29.0,8.7,14.5,394.0,59.0,5.2,4.3,219.0,38.0,4.9,7,279.0,38.0,1.7,2.8,225.0,31.0,0,31.3,259.0,43.0,0,69.9
Sugar City,Crowley,81076,580.0,192.0,25.4,15.2,117.0,85.0,16.4,29.7,96.0,63.0,63.9,37.1,99.0,74.0,19.4,18,82.0,41.0,0,45.2,94.0,48.0,8.3,10.7,72.0,57.0,-,**,20.0,12.0,-,**
Swink,Otero,81077,404.0,110.0,7.4,7.3,22.0,18.0,0,69.9,63.0,38.0,25.6,34.1,111.0,56.0,0,26.7,52.0,40.0,25,43.8,65.0,32.0,4.4,8.1,47.0,31.0,0,100,44.0,30.0,0,100
Trinchera,Las Animas,81081,36.0,20.0,28.6,40.3,0.0,12.0,-,**,0.0,12.0,-,**,0.0,12.0,-,**,1.0,4.0,-,**,14.0,8.0,28.6,40.3,9.0,10.0,-,**,12.0,15.0,-,**
Trinidad,Las Animas,81082,9786.0,244.0,8.8,2.2,665.0,94.0,20.2,16.6,770.0,88.0,21.6,9.9,2509.0,155.0,5.9,3,1656.0,87.0,11,5.6,1901.0,103.0,3.4,2.3,1247.0,74.0,4.5,4.4,1038.0,67.0,0,37.3
Two Buttes,Baca,81084,98.0,37.0,0,37.6,0.0,12.0,-,**,7.0,8.0,-,**,38.0,31.0,0,49.4,8.0,6.0,0,100,19.0,11.0,0,76.6,17.0,15.0,0,100,9.0,9.0,-,**
Vilas,Baca,81087,122.0,42.0,4.9,9.5,0.0,12.0,-,**,8.0,11.0,0,100,50.0,30.0,8,15.1,18.0,14.0,0,89.4,17.0,17.0,0,71.9,10.0,8.0,-,**,19.0,17.0,-,**
Walsenburg,Huerfano,81089,3656.0,202.0,20.3,7.3,144.0,77.0,78.4,28,197.0,114.0,14.4,20.4,919.0,154.0,21.3,19.3,623.0,124.0,25.6,14.4,679.0,109.0,13.5,13.8,539.0,95.0,7.2,10.2,555.0,92.0,0,45.8
Walsh,Baca,81090,874.0,109.0,5.1,3.1,58.0,35.0,0,47.5,60.0,26.0,12.3,16.5,204.0,74.0,8.7,9.6,157.0,42.0,5.3,5,158.0,33.0,0,27.2,110.0,28.0,0,40.4,127.0,45.0,0,68
Weston,Las Animas,81091,695.0,147.0,9.9,6.8,32.0,26.0,0,100,25.0,32.0,0,71.9,158.0,77.0,18.4,17,127.0,45.0,10.3,10.8,197.0,74.0,2.4,4,136.0,58.0,9.7,13.5,20.0,13.0,0,100
Wiley,Prowers,81092,641.0,117.0,7.6,5.8,53.0,32.0,14.7,22.6,62.0,52.0,10.5,21.1,167.0,47.0,3.1,4.5,154.0,52.0,11.2,11.8,110.0,40.0,6.6,10.7,41.0,19.0,0,89.4,54.0,23.0,0,100
Alamosa,Alamosa,81101,11967.0,210.0,11,3.5,1377.0,441.0,31,17.3,1805.0,397.0,13.1,8.8,3429.0,162.0,12.2,7.5,1858.0,152.0,4.8,3.6,1700.0,74.0,3.6,3.1,1065.0,79.0,5.8,9.2,733.0,63.0,0,35.4
Alamosa,Alamosa,81102,,,,,,,,,,,,,,,,,,,,,,,,,,,,,,,,
Antonito,Conejos,81120,1607.0,190.0,12.9,4.7,65.0,34.0,-,**,120.0,48.0,65.8,27.4,359.0,99.0,4.4,4.4,318.0,75.0,2.1,3.1,361.0,69.0,20.5,11.9,257.0,48.0,0,39.3,127.0,38.0,0,85.6
Arboles,Archuleta,81121,233.0,67.0,12.3,11,0.0,12.0,-,**,21.0,20.0,23.8,36.8,25.0,23.0,16,23.7,39.0,21.0,0,57.1,95.0,38.0,14.9,16.4,41.0,25.0,0,93.8,12.0,15.0,-,**
Bayfield,La Plata,81122,6498.0,528.0,5.6,2.9,414.0,118.0,21.2,22.2,193.0,108.0,0,18,2058.0,255.0,3.1,2.2,1301.0,225.0,5.6,4.5,1461.0,274.0,8.7,8.6,697.0,168.0,8.6,11,374.0,120.0,-,**
Blanca,Costilla,81123,864.0,139.0,12.2,8.2,89.0,46.0,0,46.9,38.0,30.0,25.7,32.5,265.0,102.0,9.1,8.7,167.0,51.0,28.7,26.5,141.0,51.0,6.3,10.6,102.0,31.0,2.2,7.6,62.0,28.0,0,100
Capulin,Conejos,81124,86.0,65.0,0,39.3,0.0,12.0,-,**,25.0,26.0,0,59.3,21.0,25.0,0,64.7,22.0,29.0,0,89.4,5.0,11.0,-,**,13.0,16.0,-,**,0.0,12.0,-,**
Center,Rio Grande,81125,2450.0,199.0,8.4,3.8,175.0,73.0,23.1,22.4,237.0,68.0,9.8,14.1,734.0,102.0,7.5,7.4,425.0,86.0,13,10.9,509.0,78.0,3.9,4.5,171.0,52.0,0,41.9,199.0,48.0,0,82.3
Chama,Costilla,81126,196.0,113.0,0,44.2,8.0,11.0,0,100,0.0,12.0,-,**,23.0,34.0,0,61.8,27.0,30.0,0,100,64.0,49.0,-,**,70.0,55.0,0,100,4.0,6.0,-,**
Chimney Rock,Archuleta,81127,,,,,,,,,,,,,,,,,,,,,,,,,,,,,,,,
Chromo,Archuleta,81128,80.0,74.0,54.5,54.3,0.0,12.0,-,**,0.0,12.0,-,**,51.0,72.0,66.7,54.2,5.0,7.0,-,**,18.0,14.0,-,**,6.0,10.0,0,100,0.0,12.0,-,**
Conejos,Conejos,81129,157.0,98.0,9.4,12.7,0.0,12.0,-,**,0.0,12.0,-,**,47.0,65.0,0,100,19.0,20.0,-,**,55.0,35.0,0,45.8,15.0,17.0,100,100,21.0,25.0,-,**
Creede,Mineral,81130,689.0,96.0,0.6,1.6,4.0,4.0,0,100,11.0,12.0,0,100,84.0,37.0,0,35.1,103.0,29.0,2.5,7,189.0,54.0,0,22.8,197.0,55.0,0,37.6,101.0,39.0,0,93.8
Crestone,Saguache,81131,926.0,139.0,13.8,8.3,24.0,18.0,66.7,48.8,0.0,12.0,-,**,263.0,94.0,18,16.2,171.0,58.0,9.3,12.6,255.0,77.0,7.4,11.3,191.0,59.0,6.8,9.2,22.0,15.0,-,**
Del Norte,Rio Grande,81132,2549.0,241.0,9.7,3.5,170.0,94.0,57.1,56.8,297.0,92.0,27,15.5,604.0,121.0,8.9,6.1,518.0,93.0,3.1,3.2,426.0,103.0,4.5,4.5,317.0,83.0,2.5,3.8,217.0,59.0,25.6,38.6
Fort Garland,Costilla,81133,751.0,126.0,11.7,8.4,77.0,68.0,0,38.9,29.0,28.0,28.6,47.5,63.0,47.0,23.9,34.4,145.0,54.0,20.5,21.6,226.0,60.0,0,24.4,137.0,48.0,69.2,52.8,74.0,22.0,0,52.4
Garcia,Costilla,81134,,,,,,,,,,,,,,,,,,,,,,,,,,,,,,,,
Homelake,Rio Grande,81135,,,,,,,,,,,,,,,,,,,,,,,,,,,,,,,,
Hooper,Alamosa,81136,137.0,46.0,6.1,10,15.0,10.0,-,**,8.0,9.0,50,50,19.0,12.0,0,82.3,17.0,16.0,0,82.3,42.0,24.0,0,54.1,27.0,25.0,0,100,9.0,9.0,-,**
Ignacio,La Plata,81137,4508.0,331.0,8.1,2.3,331.0,97.0,28.9,18,344.0,113.0,20.1,15.4,1146.0,161.0,7.8,3.6,1060.0,133.0,4.6,2.4,908.0,134.0,5.7,3,457.0,81.0,4.1,5.6,262.0,68.0,0,100
Jaroso,Costilla,81138,42.0,34.0,0,58.2,0.0,12.0,-,**,0.0,12.0,-,**,11.0,20.0,0,89.4,7.0,11.0,0,100,24.0,23.0,0,100,0.0,12.0,-,**,0.0,12.0,-,**
La Jara,Conejos,81140,2041.0,230.0,8.3,4,165.0,46.0,42.9,27,133.0,60.0,9.4,12.1,573.0,131.0,5.8,4.8,279.0,81.0,5.1,8.3,342.0,92.0,2.4,3.7,239.0,57.0,0,44.2,310.0,67.0,0,44.2
Manassa,Conejos,81141,1014.0,128.0,9.8,5,122.0,39.0,64.7,31.3,101.0,37.0,14.1,18.5,271.0,74.0,3.7,3.4,168.0,50.0,3.4,5.8,155.0,41.0,10.3,8.3,105.0,36.0,0,82.3,92.0,34.0,0,100
Moffat,Saguache,81143,598.0,128.0,21.3,11.8,68.0,42.0,0,68,18.0,14.0,100,100,100.0,43.0,52.6,26.3,154.0,57.0,5.4,9.4,141.0,47.0,16.7,19.2,75.0,32.0,20,31.1,42.0,24.0,-,**
Monte Vista,Rio Grande,81144,5398.0,270.0,7.2,3.4,351.0,94.0,3.1,6.9,316.0,93.0,10.9,14.8,1641.0,173.0,3,2.6,970.0,116.0,14.4,8.9,1036.0,134.0,7.4,7.3,529.0,77.0,0,28.5,555.0,65.0,0,68
Mosca,Alamosa,81146,514.0,108.0,3,2.8,48.0,43.0,0,58.2,35.0,26.0,0,50.1,123.0,46.0,6.7,8.4,90.0,42.0,4.1,6,136.0,65.0,0,32.4,43.0,22.0,0,79.3,39.0,29.0,-,**
Pagosa Springs,Archuleta,81147,9744.0,152.0,8.6,2.6,539.0,136.0,15.9,17.1,573.0,159.0,17.6,14.9,2298.0,168.0,4,2.5,1683.0,108.0,9.4,5,2348.0,79.0,9.9,5.1,1471.0,53.0,9.4,13.7,832.0,53.0,0,37
Romeo,Conejos,81148,255.0,66.0,23,10,29.0,16.0,75,44.1,32.0,24.0,36.4,30.4,84.0,31.0,18.5,18.1,32.0,17.0,18.5,20.5,40.0,20.0,0,79.3,22.0,16.0,0,100,16.0,15.0,-,**
Saguache,Saguache,81149,814.0,139.0,11.4,6.5,47.0,35.0,0,57.1,17.0,15.0,0,98.9,159.0,52.0,8.2,11.7,121.0,48.0,14.1,17,260.0,92.0,9.4,12.9,169.0,41.0,26.2,19.9,41.0,21.0,0,100
Sanford,Conejos,81151,990.0,146.0,5,2.9,38.0,25.0,37.5,43.9,67.0,33.0,7.5,12.9,342.0,73.0,5,4.4,202.0,62.0,0,20,167.0,57.0,5,6.6,128.0,52.0,6.1,9.7,46.0,25.0,-,**
San Luis,Costilla,81152,1061.0,145.0,24.6,13.1,43.0,53.0,-,**,56.0,53.0,11.8,15.9,251.0,82.0,53.1,22,150.0,55.0,0,25.3,175.0,47.0,0,32.4,203.0,52.0,0,82.3,183.0,20.0,-,**
San Pablo,Costilla,81153,,,,,,,,,,,,,,,,,,,,,,,,,,,,,,,,
South Fork,Rio Grande,81154,1217.0,208.0,11,9.5,92.0,66.0,17.5,28.3,94.0,77.0,57.4,45.5,286.0,87.0,1.7,2.6,117.0,51.0,0,32.7,235.0,79.0,2,5.4,266.0,79.0,0,32.9,127.0,47.0,0,100
Villa Grove,Saguache,81155,362.0,114.0,21.8,18.7,0.0,12.0,-,**,52.0,70.0,75,8.9,4.0,5.0,0,100,82.0,46.0,0,41.5,96.0,47.0,12.7,19.2,111.0,47.0,0,53.3,17.0,13.0,0,100
Pagosa Springs,Archuleta,81157,,,,,,,,,,,,,,,,,,,,,,,,,,,,,,,,
Salida,Chaffee,81201,7622.0,300.0,5.9,2.2,340.0,95.0,0,38.6,373.0,115.0,10.8,10.8,2103.0,249.0,7.3,3.7,1343.0,194.0,7.2,4.6,1531.0,175.0,1.8,1.9,992.0,134.0,0,17.3,940.0,135.0,0,44.2
Almont,Gunnison,81210,122.0,89.0,0,24.4,0.0,12.0,-,**,0.0,12.0,-,**,0.0,12.0,-,**,97.0,83.0,0,27.8,25.0,32.0,0,71.9,0.0,12.0,-,**,0.0,12.0,-,**
Buena Vista,Chaffee,81211,6392.0,419.0,6.6,4.4,177.0,88.0,17.9,29.1,282.0,97.0,13.5,14.3,1978.0,360.0,4.2,5.2,1065.0,211.0,3.4,3.4,1255.0,187.0,6.9,8.6,1070.0,146.0,14.6,20.7,565.0,120.0,0,42.8
Canon City,Fremont,81212,25740.0,680.0,8,1.8,1024.0,167.0,27.6,17.1,1774.0,246.0,10.6,7,8395.0,495.0,6.2,2.6,4535.0,235.0,6.9,3.4,4184.0,273.0,7.2,3.5,3148.0,203.0,5.1,4.5,2680.0,168.0,12.1,19
Canon City,Fremont,81215,,,,,,,,,,,,,,,,,,,,,,,,,,,,,,,,
Cimarron,Montrose,81220,113.0,46.0,0,49.4,0.0,12.0,-,**,0.0,12.0,-,**,0.0,12.0,-,**,0.0,12.0,-,**,48.0,23.0,0,71.9,51.0,31.0,0,68,14.0,28.0,-,**
Coal Creek,Fremont,81221,210.0,63.0,25.8,22.1,5.0,5.0,-,**,2.0,3.0,0,100,53.0,38.0,36.7,35.8,35.0,22.0,16.7,25.8,39.0,19.0,10.5,18.2,48.0,28.0,20,51.7,28.0,19.0,-,**
Coaldale,Fremont,81222,257.0,116.0,2.9,5.6,20.0,32.0,-,**,0.0,12.0,-,**,110.0,62.0,0,27.4,64.0,76.0,10.5,27.2,33.0,41.0,0,51.6,21.0,34.0,0,64.7,9.0,14.0,-,**
Cotopaxi,Fremont,81223,1340.0,272.0,10.4,7.8,39.0,44.0,-,**,6.0,10.0,-,**,135.0,96.0,34.8,38.5,322.0,106.0,6.9,8.3,426.0,135.0,10.9,10.8,299.0,79.0,0,50.9,113.0,69.0,0,85.6
Crested Butte,Gunnison,81224,2876.0,314.0,8,4.1,159.0,107.0,4.2,9.4,115.0,82.0,16.7,26.3,1577.0,236.0,4.4,3.3,270.0,87.0,13.4,12.4,486.0,144.0,18.1,15.9,195.0,76.0,0,41.5,74.0,51.0,-,**
Crested Butte,Gunnison,81225,763.0,155.0,3.6,6.4,21.0,25.0,0,100,63.0,57.0,34.9,48.2,241.0,94.0,0,13.3,243.0,92.0,0,13.9,112.0,53.0,0,33.2,66.0,44.0,0,53.3,17.0,22.0,-,**
Florence,Fremont,81226,7861.0,606.0,13.7,3.5,351.0,103.0,31.1,21.9,370.0,129.0,16.2,14.8,3567.0,539.0,16.2,9.6,1386.0,189.0,9.9,7.3,866.0,178.0,8.7,6.6,758.0,137.0,6.5,8.5,563.0,125.0,0,85.6
Monarch,Chaffee,81227,12.0,19.0,0,85.6,0.0,12.0,-,**,0.0,12.0,-,**,0.0,12.0,-,**,12.0,19.0,0,85.6,0.0,12.0,-,**,0.0,12.0,-,**,0.0,12.0,-,**
Granite,Chaffee,81228,,,,,,,,,,,,,,,,,,,,,,,,,,,,,,,,
Gunnison,Gunnison,81230,7823.0,363.0,7.4,2.7,596.0,145.0,24.5,21,1604.0,208.0,14.3,7.9,2416.0,239.0,4.5,2.9,1075.0,155.0,3.5,2,1198.0,165.0,5,4.3,587.0,99.0,0,15.7,347.0,70.0,0,89.4
Gunnison,Gunnison,81231,567.0,172.0,46.7,15.8,496.0,174.0,54,16.6,71.0,48.0,0,46.3,0.0,12.0,-,**,0.0,12.0,-,**,0.0,12.0,-,**,0.0,12.0,-,**,0.0,12.0,-,**
Hillside,Fremont,81232,5.0,9.0,-,**,0.0,12.0,-,**,0.0,12.0,-,**,0.0,12.0,-,**,0.0,12.0,-,**,5.0,9.0,-,**,0.0,12.0,-,**,0.0,12.0,-,**
Howard,Fremont,81233,1045.0,207.0,14.2,11,0.0,12.0,-,**,141.0,106.0,0,27.8,157.0,92.0,46.9,28.4,99.0,46.0,0,30.2,304.0,107.0,5.3,8.1,194.0,92.0,0,50.9,150.0,67.0,0,66.3
Lake City,Hinsdale,81235,652.0,101.0,4,3.1,25.0,23.0,44.4,19.5,4.0,6.0,0,100,106.0,46.0,1.2,3.4,130.0,50.0,9.9,9.9,190.0,56.0,0,23.9,132.0,32.0,0,38.3,65.0,34.0,0,100
Nathrop,Chaffee,81236,795.0,169.0,6,9.5,20.0,29.0,0,66.3,23.0,40.0,0,61.8,88.0,79.0,0,29.9,144.0,107.0,21.2,27,168.0,68.0,0,34.4,237.0,83.0,0,38,115.0,67.0,-,**
Ohio City,Gunnison,81237,103.0,73.0,53.7,22,0.0,12.0,-,**,0.0,12.0,-,**,0.0,12.0,-,**,60.0,76.0,60,8.7,7.0,11.0,0,100,22.0,34.0,-,**,14.0,22.0,-,**
Parlin,Gunnison,81239,0.0,12.0,-,**,0.0,12.0,-,**,0.0,12.0,-,**,0.0,12.0,-,**,0.0,12.0,-,**,0.0,12.0,-,**,0.0,12.0,-,**,0.0,12.0,-,**
Penrose,Fremont,81240,2954.0,326.0,8.5,3.8,164.0,85.0,0,37.6,139.0,95.0,12.7,22.9,696.0,184.0,13.8,9.4,407.0,130.0,8.2,7.2,854.0,136.0,3.4,3.8,518.0,114.0,9.9,12.2,176.0,66.0,0,93.8
Pitkin,Gunnison,81241,63.0,36.0,0,60.5,2.0,4.0,-,**,0.0,12.0,-,**,2.0,4.0,-,**,22.0,21.0,0,71.9,15.0,16.0,0,100,12.0,11.0,0,100,10.0,14.0,-,**
Poncha Springs,Chaffee,81242,812.0,183.0,5.8,4.6,81.0,43.0,18.6,36.1,77.0,53.0,0,32.9,211.0,80.0,0,15.5,136.0,62.0,14.2,15.5,131.0,46.0,8.8,11.8,83.0,36.0,0,63.2,93.0,50.0,0,98.9
Powderhorn,Gunnison,81243,114.0,49.0,6.6,9.8,5.0,9.0,0,100,5.0,9.0,0,100,15.0,15.0,26.7,42.2,33.0,27.0,0,71.9,23.0,14.0,0,68,31.0,25.0,-,**,2.0,4.0,-,**
Rockvale,Fremont,81244,258.0,67.0,13.6,17.2,26.0,26.0,0,58.2,16.0,25.0,93.8,34.2,66.0,33.0,4.1,7.6,48.0,24.0,0,50.9,37.0,21.0,0,100,36.0,24.0,100,100,29.0,20.0,-,**
Gunnison,Gunnison,81247,,,,,,,,,,,,,,,,,,,,,,,,,,,,,,,,
Sargents,Saguache,81248,79.0,72.0,0,35.1,0.0,12.0,-,**,0.0,12.0,-,**,70.0,71.0,0,35.1,0.0,12.0,-,**,0.0,12.0,-,**,9.0,13.0,-,**,0.0,12.0,-,**
Twin Lakes,Lake,81251,141.0,72.0,11.6,12.3,16.0,19.0,0,100,0.0,12.0,-,**,27.0,28.0,0,57.1,61.0,44.0,17.5,21.3,18.0,23.0,0,69.9,12.0,13.0,100,100,7.0,11.0,-,**
Westcliffe,Custer,81252,3265.0,178.0,14.5,6.5,180.0,79.0,33.3,42.5,132.0,53.0,17.1,17.7,467.0,114.0,0.3,1.2,483.0,116.0,25.2,13.9,1013.0,195.0,15.8,13.4,714.0,123.0,3.3,5.4,276.0,92.0,0,100
Wetmore,Custer,81253,498.0,152.0,0,15.7,13.0,18.0,-,**,0.0,12.0,-,**,65.0,65.0,0,36.7,58.0,63.0,0,82.3,140.0,86.0,0,28.3,33.0,28.0,0,74.1,189.0,127.0,-,**
Florence,Fremont,81290,,,,,,,,,,,,,,,,,,,,,,,,,,,,,,,,
Durango,La Plata,81301,24580.0,707.0,5.5,1.4,2076.0,193.0,18.6,8.6,2643.0,318.0,9.1,5.1,8423.0,359.0,3.2,1.5,3645.0,235.0,6.1,3.9,4077.0,301.0,4.1,2.5,2216.0,207.0,6.8,7.7,1500.0,146.0,0,33.2
Durango,La Plata,81302,,,,,,,,,,,,,,,,,,,,,,,,,,,,,,,,
Durango,La Plata,81303,6278.0,514.0,8.1,2.7,286.0,107.0,22.1,15.5,540.0,216.0,24.5,15.9,1983.0,330.0,6.4,4,1212.0,166.0,5.6,3.8,1226.0,168.0,4.9,3.7,709.0,132.0,0,12.5,322.0,93.0,0,79.3
Cahone,Dolores,81320,169.0,63.0,0,38.9,0.0,12.0,-,**,0.0,12.0,-,**,5.0,6.0,0,100,16.0,15.0,0,100,67.0,38.0,0,44.2,62.0,34.0,0,100,19.0,12.0,-,**
Cortez,Montezuma,81321,11223.0,398.0,10.4,2.8,852.0,183.0,31.4,21.9,667.0,124.0,16.4,13.6,3192.0,272.0,7.3,3.8,1959.0,239.0,7.9,4.2,2004.0,194.0,10,6.4,1293.0,162.0,9.9,10.6,1256.0,130.0,30.8,56.4
Dolores,Montezuma,81323,3964.0,392.0,8.4,3.6,177.0,102.0,0,22.8,281.0,112.0,20.1,19.8,1162.0,228.0,5.2,4.7,660.0,181.0,13.8,9.3,860.0,177.0,0,6.3,554.0,115.0,33.9,26.3,270.0,86.0,0,74.1
Dove Creek,Dolores,81324,941.0,115.0,11,6.1,19.0,19.0,-,**,31.0,24.0,41.4,47.2,264.0,84.0,10.2,10.2,150.0,58.0,7.5,10.6,195.0,72.0,11.8,10.7,158.0,45.0,0,59.4,124.0,52.0,0,90.1
Egnar,San Miguel,81325,144.0,60.0,7.7,11.9,7.0,12.0,100,100,6.0,9.0,0,100,42.0,43.0,0,52.4,23.0,26.0,0,76.6,61.0,28.0,0,53.3,0.0,12.0,-,**,5.0,7.0,-,**
Hesperus,La Plata,81326,1677.0,176.0,3.5,2,141.0,51.0,16.9,17.9,63.0,34.0,12.8,14.7,370.0,71.0,3.2,3.1,382.0,86.0,0,11.4,441.0,88.0,3.7,2.8,204.0,64.0,0,38.6,76.0,38.0,0,100
Lewis,Montezuma,81327,601.0,186.0,7.6,11.6,45.0,45.0,100,69.9,0.0,12.0,-,**,109.0,97.0,0,44.2,97.0,64.0,0,38.6,206.0,131.0,0,25.9,63.0,46.0,0,100,81.0,49.0,-,**
Mancos,Montezuma,81328,3473.0,337.0,8.2,3.3,97.0,64.0,0,76.6,178.0,77.0,3.7,7.6,886.0,192.0,9.7,6,521.0,122.0,7,5.4,882.0,159.0,11,7.5,620.0,132.0,0,16.9,289.0,97.0,0,100
Marvel,La Plata,81329,,,,,,,,,,,,,,,,,,,,,,,,,,,,,,,,
Mesa Verde National Park,Montezuma,81330,50.0,57.0,0,59.3,0.0,12.0,-,**,0.0,12.0,-,**,25.0,41.0,-,**,25.0,21.0,0,59.3,0.0,12.0,-,**,0.0,12.0,-,**,0.0,12.0,-,**
Pleasant View,Montezuma,81331,299.0,124.0,10.7,16.9,0.0,12.0,-,**,0.0,12.0,-,**,41.0,44.0,0,58.2,61.0,47.0,0,50.9,117.0,94.0,27,42.1,80.0,107.0,0,49.4,0.0,12.0,-,**
Rico,Dolores,81332,154.0,48.0,8.6,8.4,12.0,13.0,0,100,11.0,10.0,0,100,41.0,22.0,0,47.5,23.0,16.0,26.1,22.8,30.0,21.0,12.5,20.5,24.0,15.0,-,**,13.0,9.0,-,**
Towaoc,Montezuma,81334,929.0,175.0,6.4,3.9,132.0,53.0,0,64.7,96.0,62.0,36.4,37.7,279.0,79.0,8.1,6.2,231.0,55.0,0,16.7,106.0,69.0,1.8,7.4,74.0,35.0,0,74.1,11.0,11.0,-,**
Yellow Jacket,Montezuma,81335,94.0,102.0,21.3,39,0.0,12.0,-,**,0.0,12.0,-,**,20.0,30.0,100,66.3,13.0,20.0,0,82.3,61.0,96.0,0,38,0.0,12.0,-,**,0.0,12.0,-,**
Montrose,Montrose,81401,17968.0,498.0,10.9,2.6,891.0,217.0,32.7,18.3,1093.0,153.0,24.9,10.6,5027.0,304.0,10.5,4.2,3154.0,258.0,4.7,3,3127.0,265.0,6.8,3.4,2513.0,225.0,14,10,2163.0,212.0,0,30.2
Montrose,Montrose,81402,,,,,,,,,,,,,,,,,,,,,,,,,,,,,,,,
Austin,Delta,81410,1311.0,232.0,2,2.6,47.0,48.0,0,66.3,0.0,12.0,-,**,208.0,114.0,0,18.7,236.0,91.0,2.8,5.1,321.0,137.0,4.1,7.3,209.0,86.0,0,35.7,290.0,93.0,0,100
Bedrock,Montrose,81411,14.0,10.0,-,**,0.0,12.0,-,**,0.0,12.0,-,**,0.0,12.0,-,**,0.0,12.0,-,**,0.0,12.0,-,**,14.0,10.0,-,**,0.0,12.0,-,**
Cedaredge,Delta,81413,4142.0,294.0,12.9,4.8,171.0,63.0,32.3,36.2,192.0,91.0,20.5,16.7,870.0,140.0,13.3,8.2,614.0,140.0,8.1,6.4,841.0,154.0,11,8.9,860.0,151.0,14.6,12.1,594.0,115.0,0,100
Cory,Delta,81414,,,,,,,,,,,,,,,,,,,,,,,,,,,,,,,,
Crawford,Delta,81415,1179.0,270.0,6.5,4.8,68.0,49.0,39.4,54.2,23.0,20.0,33.3,57.4,308.0,139.0,2.7,3.9,259.0,126.0,1,2.5,228.0,112.0,13.2,17.8,143.0,68.0,0,89.4,150.0,121.0,-,**
Delta,Delta,81416,10927.0,378.0,11.9,3.5,744.0,165.0,16.5,12.2,662.0,206.0,47.9,17,3277.0,259.0,9,4.8,1774.0,230.0,12.9,8,1891.0,243.0,4.3,3.2,1398.0,206.0,4,6.6,1181.0,183.0,0,35.4
Eckert,Delta,81418,1478.0,202.0,15.2,8,125.0,79.0,-,**,58.0,45.0,25,34.4,192.0,89.0,4.6,7.2,315.0,90.0,20.7,13.4,262.0,106.0,12.8,18.5,305.0,110.0,16.5,24.6,221.0,80.0,-,**
Hotchkiss,Delta,81419,3182.0,344.0,17.4,5.8,181.0,76.0,64.6,24.1,191.0,100.0,0,25,767.0,198.0,14.3,8,491.0,134.0,21.2,13.2,676.0,156.0,14.2,11.4,535.0,136.0,19.4,18.2,341.0,115.0,0,42.8
Lazear,Delta,81420,,,,,,,,,,,,,,,,,,,,,,,,,,,,,,,,
Naturita,Montrose,81422,501.0,107.0,11.2,6.5,48.0,30.0,0,48.8,31.0,20.0,40.9,34.3,110.0,48.0,3.8,6.4,101.0,54.0,15.2,12.8,75.0,41.0,6.1,9.6,89.0,40.0,16.1,23.2,47.0,20.0,-,**
Norwood,San Miguel,81423,1222.0,165.0,2.2,2.1,6.0,7.0,-,**,31.0,26.0,0,53.3,369.0,96.0,4,4.4,267.0,82.0,0,14.1,311.0,89.0,2.7,4.2,181.0,59.0,0,41.9,57.0,44.0,0,100
Nucla,Montrose,81424,941.0,154.0,17.3,9,53.0,42.0,92,31.1,59.0,38.0,61.8,32.1,175.0,65.0,14.7,12,200.0,57.0,10,8.8,267.0,74.0,0,17.1,108.0,38.0,23.8,35.7,79.0,29.0,-,**
Olathe,Montrose,81425,3856.0,359.0,8.1,3.2,372.0,154.0,6.7,18.3,122.0,71.0,4.6,7.7,1335.0,233.0,10.3,5.5,645.0,141.0,6.5,6.7,607.0,164.0,3.5,4.4,490.0,115.0,1.9,3,285.0,102.0,35.1,36.9
Ophir,San Miguel,81426,78.0,25.0,5.6,8.1,0.0,12.0,-,**,2.0,4.0,0,100,40.0,17.0,0,48.8,19.0,15.0,0,68,12.0,12.0,33.3,51.2,4.0,4.0,0,100,1.0,4.0,-,**
Ouray,Ouray,81427,804.0,147.0,5.6,3.9,46.0,44.0,30.8,42.3,46.0,43.0,0,43.7,140.0,69.0,0,22.2,181.0,67.0,4.8,7.2,156.0,50.0,10.5,11.2,188.0,62.0,4.4,6.1,47.0,33.0,-,**
Paonia,Delta,81428,3127.0,253.0,9.8,6,239.0,74.0,19.6,31.7,189.0,99.0,46.7,41.9,727.0,171.0,8.9,7.7,625.0,155.0,7.6,7.9,633.0,120.0,4.6,5.1,438.0,101.0,0,17,276.0,88.0,0,100
Paradox,Montrose,81429,82.0,35.0,0,42.4,0.0,12.0,-,**,0.0,12.0,-,**,8.0,10.0,0,100,0.0,12.0,-,**,41.0,32.0,0,48.8,28.0,27.0,0,100,5.0,7.0,0,100
Placerville,San Miguel,81430,525.0,209.0,0.2,1,32.0,51.0,-,**,7.0,12.0,0,100,140.0,92.0,0.8,3.4,145.0,79.0,0,19.9,133.0,83.0,0,27.4,68.0,53.0,0,52.4,0.0,12.0,-,**
Redvale,Montrose,81431,381.0,104.0,0,10.5,28.0,23.0,0,89.4,15.0,22.0,0,76.6,110.0,68.0,0,25.9,75.0,49.0,0,38.6,104.0,50.0,0,28.7,20.0,14.0,0,100,29.0,21.0,-,**
Ridgway,Ouray,81432,2410.0,200.0,11.6,5.9,163.0,73.0,43.3,44.7,52.0,37.0,30.8,33.1,551.0,73.0,10,7.2,467.0,112.0,15,15.1,583.0,111.0,3.5,2.4,439.0,77.0,5.9,5.6,155.0,49.0,-,**
Silverton,San Juan,81433,562.0,103.0,19.4,8.8,10.0,11.0,100,100,58.0,53.0,27.7,50.5,182.0,62.0,11.1,9.4,112.0,45.0,20.9,20,111.0,47.0,31.5,26.5,68.0,27.0,14.6,24.4,21.0,15.0,0,89.4
Somerset,Gunnison,81434,143.0,80.0,3.9,6.9,54.0,53.0,0,98.9,0.0,12.0,-,**,8.0,12.0,0,100,37.0,34.0,0,48.8,39.0,24.0,13.6,18.5,5.0,8.0,-,**,0.0,12.0,-,**
Telluride,San Miguel,81435,4343.0,226.0,7.2,2.3,139.0,53.0,0,26.3,347.0,54.0,14.2,11.4,1930.0,151.0,6.9,3.7,794.0,105.0,9.9,7.1,777.0,129.0,1.9,2.3,262.0,76.0,4.7,7.8,94.0,63.0,-,**
Grand Junction,Mesa,81501,19883.0,805.0,11.7,2,2385.0,401.0,22.1,7,3275.0,446.0,13.4,5.1,6259.0,476.0,7.9,2.5,3068.0,408.0,16,5.5,2028.0,257.0,7.7,5,1500.0,202.0,6.4,5.2,1368.0,213.0,23.5,23
Grand Junction,Mesa,81502,,,,,,,,,,,,,,,,,,,,,,,,,,,,,,,,
Grand Junction,Mesa,81503,11622.0,455.0,11.4,2.7,648.0,240.0,29.7,22.6,1018.0,301.0,12.4,10.2,3471.0,369.0,10.9,5.1,1980.0,293.0,8.4,4.5,2294.0,303.0,10.8,6,1151.0,177.0,12.8,11.3,1060.0,157.0,0,27.8
Grand Junction,Mesa,81504,22792.0,638.0,8.9,2,1058.0,215.0,16.5,12.6,2125.0,441.0,9.4,7.3,8362.0,619.0,10.9,3.4,3482.0,422.0,4.1,2.5,3747.0,343.0,6.7,4.3,2206.0,265.0,7.2,6.5,1812.0,240.0,0,38.3
Grand Junction,Mesa,81505,7337.0,595.0,5.6,2.1,396.0,146.0,24,19.7,617.0,224.0,11.9,8.6,2012.0,371.0,4.4,3.5,1236.0,259.0,2.7,3.2,1363.0,220.0,6.4,5.2,1061.0,229.0,0,9,652.0,173.0,0,40.4
Grand Junction,Mesa,81506,9115.0,447.0,5.3,2,277.0,107.0,30.9,39.5,637.0,242.0,1.9,3.2,2115.0,305.0,7.5,5.1,1281.0,214.0,5.5,4.5,1638.0,306.0,3.3,2.8,1285.0,204.0,3,4.9,1882.0,225.0,0,25.2
Clifton,Mesa,81520,10170.0,640.0,16.1,4,619.0,215.0,35.2,22.2,950.0,299.0,24.7,11.5,3836.0,436.0,16.8,5.9,1628.0,326.0,12.9,7.9,1547.0,302.0,9.2,6.8,982.0,176.0,4.6,9.3,608.0,147.0,0,63.2
Fruita,Mesa,81521,11603.0,541.0,8.1,2.4,1013.0,270.0,34.3,17.7,765.0,286.0,14.8,17.2,3925.0,401.0,5.2,3.6,2139.0,329.0,4.9,4.4,1760.0,308.0,6.6,6.2,1018.0,254.0,9.6,15.4,983.0,216.0,0,52.4
Gateway,Mesa,81522,25.0,41.0,-,**,0.0,12.0,-,**,0.0,12.0,-,**,0.0,12.0,-,**,0.0,12.0,-,**,13.0,21.0,-,**,12.0,20.0,-,**,0.0,12.0,-,**
Glade Park,Mesa,81523,997.0,257.0,8.7,9.7,12.0,20.0,-,**,30.0,25.0,0,54.1,132.0,90.0,0,38.6,257.0,194.0,0,13.5,331.0,173.0,6,9.3,221.0,128.0,46.7,51.8,14.0,23.0,-,**
Loma,Mesa,81524,1655.0,393.0,5.7,4.7,228.0,102.0,14,26.8,50.0,64.0,0,41.9,444.0,252.0,5.5,9.6,345.0,143.0,3.7,6.3,379.0,149.0,4.5,8.3,131.0,107.0,0,64.7,78.0,58.0,-,**
Mack,Mesa,81525,724.0,237.0,9.4,12.9,51.0,50.0,-,**,12.0,21.0,-,**,395.0,199.0,13.4,17.9,104.0,60.0,0,26.3,70.0,64.0,0,42.8,23.0,36.0,-,**,69.0,77.0,-,**
Palisade,Mesa,81526,4453.0,302.0,4.9,2.3,217.0,71.0,0,38.3,182.0,69.0,5.9,9.4,1078.0,181.0,5.7,3.2,1116.0,226.0,5,5.8,934.0,187.0,4.3,3.7,472.0,92.0,4,6.9,454.0,118.0,0,66.3
Whitewater,Mesa,81527,1542.0,265.0,5.3,3.5,31.0,29.0,-,**,58.0,61.0,0,38.9,385.0,141.0,0,10,354.0,156.0,4.5,7.4,270.0,117.0,18.8,14,311.0,154.0,0,38,133.0,112.0,0,85.6
Glenwood Springs,Garfield,81601,13084.0,703.0,6.1,1.9,826.0,186.0,19.2,12.5,1447.0,308.0,4.9,4.9,4688.0,478.0,6.2,2.9,2387.0,323.0,5.1,3.1,2258.0,354.0,5.9,4.5,813.0,183.0,3.7,5.6,665.0,170.0,0,42.8
Glenwood Springs,Garfield,81602,,,,,,,,,,,,,,,,,,,,,,,,,,,,,,,,
Dinosaur,Moffat,81610,314.0,92.0,13.3,10,6.0,9.0,0,100,31.0,31.0,30.4,28.9,101.0,42.0,15.9,16,47.0,29.0,5.1,14.7,56.0,29.0,11.8,19.9,38.0,25.0,0,100,35.0,21.0,0,100
Aspen,Pitkin,81611,8406.0,410.0,7,2.5,315.0,93.0,9.9,14.8,332.0,152.0,28.6,30.8,3039.0,328.0,5.8,4,1667.0,258.0,6.1,4.1,1493.0,246.0,3.1,3.2,1026.0,183.0,22.6,22.8,534.0,141.0,0,23.1
Aspen,Pitkin,81612,0.0,12.0,-,**,0.0,12.0,-,**,0.0,12.0,-,**,0.0,12.0,-,**,0.0,12.0,-,**,0.0,12.0,-,**,0.0,12.0,-,**,0.0,12.0,-,**
Snowmass Village,Pitkin,81615,2424.0,244.0,4.9,7,89.0,87.0,0,64.7,124.0,99.0,0,22.8,1174.0,264.0,7.8,10.4,376.0,187.0,0,11.2,378.0,193.0,0,15.7,283.0,160.0,0,32.7,0.0,12.0,-,**
Avon,Eagle,81620,8609.0,582.0,4,2.7,527.0,201.0,15.5,21.1,1104.0,409.0,6.9,6.5,4414.0,574.0,3.5,4.1,1235.0,356.0,1.7,2.6,868.0,269.0,3.9,6.3,346.0,169.0,0,13.2,115.0,87.0,-,**
Basalt,Eagle,81621,5594.0,775.0,11.8,5.2,405.0,182.0,19.5,31.9,538.0,298.0,20,24.6,1861.0,463.0,7.7,5.7,1120.0,259.0,10.9,8.1,1001.0,282.0,4.9,4.7,493.0,174.0,6,9.3,176.0,126.0,90.8,18.9
Carbondale,Garfield,81623,11161.0,681.0,7.2,2.4,862.0,232.0,20.2,14,372.0,137.0,0.6,1.1,4371.0,488.0,5.9,3,1998.0,388.0,5.7,5.4,2185.0,337.0,8.8,4.9,910.0,169.0,8.3,9.9,463.0,162.0,25,37.1
Collbran,Mesa,81624,1212.0,185.0,6.6,3.3,142.0,179.0,2.4,20.5,137.0,82.0,4.6,7.4,304.0,89.0,0,11.9,159.0,57.0,15.3,13.3,221.0,60.0,10.4,8.1,163.0,51.0,23.3,31.5,86.0,52.0,0,85.6
Craig,Moffat,81625,9572.0,150.0,5.4,1.6,720.0,138.0,20.7,18.3,769.0,142.0,7,7.3,3100.0,150.0,5.8,2.6,1866.0,111.0,4.4,2.8,1695.0,86.0,2.4,1.9,876.0,47.0,2.1,2.9,546.0,50.0,0,60.5
Craig,Moffat,81626,,,,,,,,,,,,,,,,,,,,,,,,,,,,,,,,
De Beque,Mesa,81630,589.0,82.0,13.2,4.6,45.0,33.0,53.3,53.3,39.0,28.0,20.5,20.7,129.0,37.0,22.5,11.7,152.0,48.0,2.7,3.5,106.0,43.0,2.6,4.2,54.0,23.0,18.2,30.7,64.0,22.0,-,**
Eagle,Eagle,81631,6075.0,565.0,5.3,3.6,239.0,121.0,0,43.7,104.0,78.0,30.8,42.7,2910.0,494.0,2.6,4,1005.0,298.0,8,8.8,1196.0,293.0,8.7,10.2,375.0,179.0,0,11.1,246.0,130.0,-,**
Edwards,Eagle,81632,7310.0,775.0,1.7,1.5,481.0,192.0,0,22,492.0,230.0,0,7.7,3275.0,563.0,0.9,1.6,1405.0,390.0,1.7,2.7,859.0,200.0,2,3,634.0,149.0,15.1,17.1,164.0,134.0,0,74.1
Dinosaur,Moffat,81633,0.0,12.0,-,**,0.0,12.0,-,**,0.0,12.0,-,**,0.0,12.0,-,**,0.0,12.0,-,**,0.0,12.0,-,**,0.0,12.0,-,**,0.0,12.0,-,**
Parachute,Garfield,81635,4968.0,494.0,5.7,2.6,486.0,174.0,25.9,25.5,210.0,124.0,0,14.4,1569.0,313.0,6.1,4.2,857.0,241.0,4.5,4.7,808.0,249.0,2.5,3.3,525.0,178.0,10.1,15.5,513.0,168.0,0,54.1
Battlement Mesa,Garfield,81636,,,,,,,,,,,,,,,,,,,,,,,,,,,,,,,,
Gypsum,Eagle,81637,5934.0,420.0,8,3.6,558.0,216.0,58.3,33.1,275.0,126.0,9.9,13.4,2710.0,394.0,6.2,5.1,1178.0,277.0,1.6,1.9,865.0,272.0,6.9,10.1,212.0,119.0,0,35.7,136.0,83.0,0,85.6
Hamilton,Moffat,81638,189.0,88.0,0,20,0.0,12.0,-,**,3.0,6.0,0,100,50.0,40.0,0,41.9,14.0,17.0,0,79.3,94.0,75.0,0,38,13.0,14.0,0,100,15.0,21.0,0,98.9
Hayden,Routt,81639,1826.0,189.0,4.1,3.2,131.0,55.0,9.4,13.5,72.0,62.0,0,36,614.0,129.0,3.1,3.1,428.0,107.0,3.5,5.3,355.0,84.0,0,12,146.0,66.0,0,50.1,80.0,37.0,100,66.3
Maybell,Moffat,81640,128.0,65.0,5.4,10.6,0.0,12.0,-,**,6.0,11.0,0,100,47.0,46.0,10.6,26.9,20.0,19.0,0,85.6,30.0,21.0,0,71.9,0.0,12.0,-,**,25.0,22.0,0,93.8
Meeker,Rio Blanco,81641,2787.0,343.0,4.2,2.5,79.0,43.0,36.8,34.8,119.0,94.0,7.2,10.1,929.0,135.0,1.9,2.9,604.0,94.0,0,5.8,544.0,88.0,13.3,10,287.0,70.0,0,22.5,225.0,60.0,0,48.8
Meredith,Pitkin,81642,121.0,91.0,0,33.5,0.0,12.0,-,**,20.0,27.0,-,**,0.0,12.0,-,**,24.0,26.0,0,60.5,17.0,27.0,0,71.9,60.0,49.0,0,50.9,0.0,12.0,-,**
Mesa,Mesa,81643,699.0,149.0,7.2,7.2,81.0,51.0,0,44.2,41.0,32.0,0,57.1,97.0,50.0,0,31,154.0,50.0,0,23.4,158.0,68.0,15.7,21,101.0,59.0,39.4,22.8,67.0,39.0,-,**
Minturn,Eagle,81645,999.0,228.0,3.3,2.2,7.0,8.0,-,**,88.0,57.0,11.9,13.5,422.0,125.0,3.4,3.6,279.0,141.0,1.3,2.7,83.0,44.0,0,38.6,109.0,75.0,0,48.1,11.0,11.0,-,**
Molina,Mesa,81646,152.0,61.0,0,25.3,0.0,12.0,-,**,0.0,12.0,-,**,31.0,33.0,0,59.3,35.0,29.0,0,50.1,27.0,41.0,0,57.1,27.0,32.0,-,**,32.0,28.0,0,63.2
New Castle,Garfield,81647,5090.0,635.0,8.3,4,293.0,181.0,76.3,41.6,330.0,195.0,17.2,25.4,2033.0,303.0,6.3,5.5,1199.0,280.0,8.6,6.9,716.0,230.0,2.9,5.3,431.0,163.0,0,20.2,88.0,63.0,0,85.6
Rangely,Rio Blanco,81648,2031.0,217.0,3,1.6,261.0,80.0,5.5,12.2,175.0,102.0,0,28.3,639.0,96.0,1.7,1.9,399.0,82.0,2.8,3.3,280.0,69.0,6.5,7.3,143.0,52.0,12.5,18.9,134.0,53.0,0,74.1
Red Cliff,Eagle,81649,227.0,70.0,1.6,2.7,8.0,10.0,-,**,17.0,14.0,0,93.8,108.0,41.0,3.1,5.5,49.0,30.0,0,42.4,25.0,14.0,0,61.8,12.0,9.0,0,93.8,8.0,11.0,0,100
Rifle,Garfield,81650,9791.0,779.0,8.9,2.8,647.0,212.0,42.4,20.3,971.0,387.0,20.4,15.4,4103.0,441.0,5.4,3.8,1717.0,292.0,6,5.1,1166.0,296.0,1.4,2.3,820.0,205.0,6.7,9.9,367.0,127.0,0,33.2
Silt,Garfield,81652,3415.0,338.0,9.4,4,322.0,111.0,43.3,32.1,161.0,91.0,25.7,21,1191.0,182.0,5.3,4.6,598.0,148.0,6.7,5.6,777.0,246.0,6.1,4.8,225.0,75.0,22.5,32,141.0,64.0,0,79.3
Slater,Moffat,81653,31.0,27.0,0,61.8,0.0,12.0,-,**,0.0,12.0,-,**,31.0,27.0,0,61.8,0.0,12.0,-,**,0.0,12.0,-,**,0.0,12.0,-,**,0.0,12.0,-,**
Snowmass,Pitkin,81654,936.0,295.0,3.5,4.6,21.0,30.0,-,**,29.0,43.0,61.9,61.9,367.0,192.0,0,9.1,161.0,89.0,0,20.7,266.0,132.0,2.8,4.6,79.0,61.0,21.2,36.7,13.0,14.0,-,**
Wolcott,Eagle,81655,29.0,44.0,0,55.1,0.0,12.0,-,**,0.0,12.0,-,**,29.0,44.0,0,55.1,0.0,12.0,-,**,0.0,12.0,-,**,0.0,12.0,-,**,0.0,12.0,-,**
Woody Creek,Pitkin,81656,323.0,220.0,0,12.3,20.0,30.0,-,**,0.0,12.0,-,**,131.0,163.0,0,23.6,70.0,51.0,0,41.5,58.0,58.0,0,38.9,28.0,22.0,0,89.4,16.0,25.0,0,100
Vail,Eagle,81657,5279.0,301.0,5.8,5.4,130.0,119.0,0,56,505.0,217.0,2.1,3.7,2175.0,353.0,9.1,10.6,808.0,267.0,4.5,5.2,992.0,270.0,2.7,4.2,456.0,158.0,0,13.8,213.0,94.0,0,40.4
Vail,Eagle,81658,,,,,,,,,,,,,,,,,,,,,,,,,,,,,,,,
